-- MySQL dump 10.13  Distrib 8.0.19, for Win64 (x86_64)
--
-- Host: skibidi-rideup.j.aivencloud.com    Database: rideUp
-- ------------------------------------------------------
-- Server version	8.0.45

/*!40101 SET @OLD_CHARACTER_SET_CLIENT=@@CHARACTER_SET_CLIENT */;
/*!40101 SET @OLD_CHARACTER_SET_RESULTS=@@CHARACTER_SET_RESULTS */;
/*!40101 SET @OLD_COLLATION_CONNECTION=@@COLLATION_CONNECTION */;
/*!50503 SET NAMES utf8mb4 */;
/*!40103 SET @OLD_TIME_ZONE=@@TIME_ZONE */;
/*!40103 SET TIME_ZONE='+00:00' */;
/*!40014 SET @OLD_UNIQUE_CHECKS=@@UNIQUE_CHECKS, UNIQUE_CHECKS=0 */;
/*!40014 SET @OLD_FOREIGN_KEY_CHECKS=@@FOREIGN_KEY_CHECKS, FOREIGN_KEY_CHECKS=0 */;
/*!40101 SET @OLD_SQL_MODE=@@SQL_MODE, SQL_MODE='NO_AUTO_VALUE_ON_ZERO' */;
/*!40111 SET @OLD_SQL_NOTES=@@SQL_NOTES, SQL_NOTES=0 */;
SET @MYSQLDUMP_TEMP_LOG_BIN = @@SESSION.SQL_LOG_BIN;
SET @@SESSION.SQL_LOG_BIN= 0;

--
-- GTID state at the beginning of the backup 
--

SET @@GLOBAL.GTID_PURGED=/*!80000 '+'*/ '2a152cf9-1d2d-11f1-9d79-b6557d265fe4:1-187,
3afae791-1eaf-11f1-b951-9a79c404a071:1-15,
e35c276f-2122-11f1-a589-f29a6b773840:1-59';

--
-- Table structure for table `booking`
--

DROP TABLE IF EXISTS `booking`;
/*!40101 SET @saved_cs_client     = @@character_set_client */;
/*!50503 SET character_set_client = utf8mb4 */;
CREATE TABLE `booking` (
  `id` varchar(255) NOT NULL,
  `cancellation_reason` text,
  `cancelled_at` datetime(6) DEFAULT NULL,
  `completed_at` datetime(6) DEFAULT NULL,
  `confirmed_at` datetime(6) DEFAULT NULL,
  `contact_phone` varchar(255) DEFAULT NULL,
  `created_at` datetime(6) NOT NULL,
  `customer_note` varchar(255) DEFAULT NULL,
  `distance_km` decimal(10,2) DEFAULT NULL,
  `dropoff_address` varchar(255) DEFAULT NULL,
  `dropoff_lat` double DEFAULT NULL,
  `dropoff_lng` double DEFAULT NULL,
  `passenger_name` varchar(255) DEFAULT NULL,
  `pickup_address` varchar(255) DEFAULT NULL,
  `pickup_lat` double DEFAULT NULL,
  `pickup_lng` double DEFAULT NULL,
  `seat_count` int DEFAULT NULL,
  `status` enum('CANCELLED_BY_CUSTOMER','CANCELLED_BY_DRIVER','COMPLETED','CONFIRMED','NO_SHOW','PENDING') DEFAULT NULL,
  `total_price` decimal(38,2) DEFAULT NULL,
  `updated_at` datetime(6) DEFAULT NULL,
  `customer_id` varchar(255) NOT NULL,
  `dropoff_point_id` varchar(255) NOT NULL,
  `pickup_point_id` varchar(255) NOT NULL,
  `trip_id` varchar(255) NOT NULL,
  PRIMARY KEY (`id`),
  KEY `FKtpm65yup17nf5o2fn0ll9be93` (`customer_id`),
  KEY `FKc3hf0htojfg1pnpj0f97og2p4` (`dropoff_point_id`),
  KEY `FKhkxvyf0gul7v4nelwpbqwb5bc` (`pickup_point_id`),
  KEY `FKkp5ujmgvd2pmsehwpu2vyjkwb` (`trip_id`),
  CONSTRAINT `FKc3hf0htojfg1pnpj0f97og2p4` FOREIGN KEY (`dropoff_point_id`) REFERENCES `trip_dropoff_point` (`id`),
  CONSTRAINT `FKhkxvyf0gul7v4nelwpbqwb5bc` FOREIGN KEY (`pickup_point_id`) REFERENCES `trip_pickup_point` (`id`),
  CONSTRAINT `FKkp5ujmgvd2pmsehwpu2vyjkwb` FOREIGN KEY (`trip_id`) REFERENCES `trip` (`id`),
  CONSTRAINT `FKtpm65yup17nf5o2fn0ll9be93` FOREIGN KEY (`customer_id`) REFERENCES `user` (`id`)
) ENGINE=InnoDB DEFAULT CHARSET=utf8mb4 COLLATE=utf8mb4_0900_ai_ci;
/*!40101 SET character_set_client = @saved_cs_client */;

--
-- Dumping data for table `booking`
--

LOCK TABLES `booking` WRITE;
/*!40000 ALTER TABLE `booking` DISABLE KEYS */;
/*!40000 ALTER TABLE `booking` ENABLE KEYS */;
UNLOCK TABLES;

--
-- Table structure for table `driver_profile`
--

DROP TABLE IF EXISTS `driver_profile`;
/*!40101 SET @saved_cs_client     = @@character_set_client */;
/*!50503 SET character_set_client = utf8mb4 */;
CREATE TABLE `driver_profile` (
  `id` varchar(255) NOT NULL,
  `approved_at` datetime(6) DEFAULT NULL,
  `approved_by` varchar(255) DEFAULT NULL,
  `cccd` varchar(255) DEFAULT NULL,
  `cccd_image_back` varchar(255) DEFAULT NULL,
  `cccd_image_front` varchar(255) DEFAULT NULL,
  `created_at` datetime(6) NOT NULL,
  `driver_rating` double DEFAULT NULL,
  `gplx` varchar(255) DEFAULT NULL,
  `gplx_expiry_date` date DEFAULT NULL,
  `gplx_image` varchar(255) DEFAULT NULL,
  `rejected_at` datetime(6) DEFAULT NULL,
  `rejection_reason` varchar(255) DEFAULT NULL,
  `status` enum('APPROVED','PENDING','REJECTED') DEFAULT NULL,
  `total_driver_rides` int DEFAULT NULL,
  `updated_at` datetime(6) DEFAULT NULL,
  `user_id` varchar(255) NOT NULL,
  PRIMARY KEY (`id`),
  UNIQUE KEY `UK1dc1wmriqrddxtruuurpfju28` (`user_id`),
  CONSTRAINT `FK3uqn7iks8bv2rucho5e0ruvkd` FOREIGN KEY (`user_id`) REFERENCES `user` (`id`)
) ENGINE=InnoDB DEFAULT CHARSET=utf8mb4 COLLATE=utf8mb4_0900_ai_ci;
/*!40101 SET character_set_client = @saved_cs_client */;

--
-- Dumping data for table `driver_profile`
--

LOCK TABLES `driver_profile` WRITE;
/*!40000 ALTER TABLE `driver_profile` DISABLE KEYS */;
/*!40000 ALTER TABLE `driver_profile` ENABLE KEYS */;
UNLOCK TABLES;

--
-- Table structure for table `gps_tracking`
--

DROP TABLE IF EXISTS `gps_tracking`;
/*!40101 SET @saved_cs_client     = @@character_set_client */;
/*!50503 SET character_set_client = utf8mb4 */;
CREATE TABLE `gps_tracking` (
  `id` varchar(255) NOT NULL,
  `accuracy_m` decimal(6,2) DEFAULT NULL,
  `created_at` datetime(6) NOT NULL,
  `heading` decimal(5,2) DEFAULT NULL,
  `lat` decimal(10,7) NOT NULL,
  `lng` decimal(10,7) NOT NULL,
  `recorded_at` datetime(6) NOT NULL,
  `speed_kmh` decimal(5,2) DEFAULT NULL,
  `trip_id` varchar(255) NOT NULL,
  PRIMARY KEY (`id`),
  KEY `fk_gps_trip` (`trip_id`),
  CONSTRAINT `fk_gps_trip` FOREIGN KEY (`trip_id`) REFERENCES `trip` (`id`)
) ENGINE=InnoDB DEFAULT CHARSET=utf8mb4 COLLATE=utf8mb4_0900_ai_ci;
/*!40101 SET character_set_client = @saved_cs_client */;

--
-- Dumping data for table `gps_tracking`
--

LOCK TABLES `gps_tracking` WRITE;
/*!40000 ALTER TABLE `gps_tracking` DISABLE KEYS */;
/*!40000 ALTER TABLE `gps_tracking` ENABLE KEYS */;
UNLOCK TABLES;

--
-- Table structure for table `payment`
--

DROP TABLE IF EXISTS `payment`;
/*!40101 SET @saved_cs_client     = @@character_set_client */;
/*!50503 SET character_set_client = utf8mb4 */;
CREATE TABLE `payment` (
  `id` varchar(255) NOT NULL,
  `amount` decimal(38,2) DEFAULT NULL,
  `created_at` datetime(6) NOT NULL,
  `method` enum('BANK_TRANSFER','CASH','VNPAY') DEFAULT NULL,
  `paid_at` datetime(6) DEFAULT NULL,
  `status` enum('FAILED','PAID','REFUNDED','UNPAID') DEFAULT NULL,
  `transaction_id` varchar(255) DEFAULT NULL,
  `booking_id` varchar(255) NOT NULL,
  PRIMARY KEY (`id`),
  UNIQUE KEY `UKku02qy6369hn9uhy3n7jk9v6e` (`booking_id`),
  CONSTRAINT `FKqewrl4xrv9eiad6eab3aoja65` FOREIGN KEY (`booking_id`) REFERENCES `booking` (`id`)
) ENGINE=InnoDB DEFAULT CHARSET=utf8mb4 COLLATE=utf8mb4_0900_ai_ci;
/*!40101 SET character_set_client = @saved_cs_client */;

--
-- Dumping data for table `payment`
--

LOCK TABLES `payment` WRITE;
/*!40000 ALTER TABLE `payment` DISABLE KEYS */;
/*!40000 ALTER TABLE `payment` ENABLE KEYS */;
UNLOCK TABLES;

--
-- Table structure for table `province`
--

DROP TABLE IF EXISTS `province`;
/*!40101 SET @saved_cs_client     = @@character_set_client */;
/*!50503 SET character_set_client = utf8mb4 */;
CREATE TABLE `province` (
  `id` varchar(255) NOT NULL,
  `code` varchar(255) DEFAULT NULL,
  `lat` decimal(10,7) DEFAULT NULL,
  `lng` decimal(10,7) DEFAULT NULL,
  `name` varchar(255) DEFAULT NULL,
  `osm_id` bigint DEFAULT NULL,
  PRIMARY KEY (`id`)
) ENGINE=InnoDB DEFAULT CHARSET=utf8mb4 COLLATE=utf8mb4_0900_ai_ci;
/*!40101 SET character_set_client = @saved_cs_client */;

--
-- Dumping data for table `province`
--

LOCK TABLES `province` WRITE;
/*!40000 ALTER TABLE `province` DISABLE KEYS */;
INSERT INTO `province` VALUES ('08f9921d-4560-4dbb-a7ee-1f59bccb8dda','59',8.9083082,104.7687092,'Tỉnh Cà Mau',1873490),('11edd59c-3693-410f-b953-abc9a6e96512','39',11.4388314,106.9947303,'Tỉnh Đồng Nai',1904421),('1877fd94-64de-459f-b53b-29496f70468f','56',21.2978023,106.4570760,'Tỉnh Bắc Ninh',1902690),('1fd466ee-4df8-4822-8d94-c49102f5343e','SG',9.9236382,107.2040297,'Thành phố Hồ Chí Minh',1973756),('2b09063a-3305-49f7-8f3a-80a262d3c4ad','02',22.0854175,104.3149075,'Tỉnh Lào Cai',1903400),('2b20f3a5-a8f0-4934-abb2-5997c76f2d60','69',22.0339294,105.8390584,'Tỉnh Thái Nguyên',1902967),('35af65e2-874e-4b7d-9502-77e93012ee5b','33',12.9279311,108.5753838,'Tỉnh Đắk Lắk',1884034),('4082a97e-17d0-4942-baee-5e189591e6b1','22',19.2772339,105.0695310,'Tỉnh Nghệ An',1898509),('4586cf32-2b43-4dfc-85b9-175a76c76414','04',22.7378590,106.0521797,'Tỉnh Cao Bằng',1844412),('4eef57e5-575b-4d0c-a858-e851e87e4236','21',19.9287275,105.3225150,'Tỉnh Thanh Hóa',1898590),('5b740656-d5ea-4fd2-bf3f-8f2e84bcecde','44',9.9784233,104.3139293,'Tỉnh An Giang',1875748),('5c50f507-84ea-4577-b3c2-7a268918023c','07',22.4451405,104.9663250,'Tỉnh Tuyên Quang',1903418),('6c472978-1cb4-4be0-8e6a-505f6a9e6256','HN',20.9749665,105.6545170,'Hà Nội',1903516),('6dc7c2ee-e36e-40e1-9b1a-b223882678ce','34',10.2803044,111.7043661,'Khánh Hòa',1887959),('724bca6c-ef1b-45ed-8521-85db25a110aa','26',16.5529226,107.7574633,'Thành phố Huế',1891483),('781088c0-3591-4925-984e-be4fcd8271aa','30',13.8496844,108.5178715,'Tỉnh Gia Lai',1884018),('7b5bbcf6-7d99-4fa2-aa3c-16b9cab0b3db','09',21.8933038,106.7297375,'Tỉnh Lạng Sơn',5522596),('7b8e0708-09e4-40d7-943c-6f68d689d032','CT',9.5138569,105.8397614,'Thành phố Cần Thơ',1874283),('8cf1ae9d-63da-4da5-9bdd-7c74d6601b77','66',20.5420727,106.5073047,'Tỉnh Hưng Yên',1901032),('8e02dccd-4888-4b8a-ab72-516070adf581','71',21.7203080,102.8713295,'Tỉnh Điện Biên',1903340),('8fc102b9-9055-4825-9465-28173d96ffe2','37',11.0888429,106.1238044,'Tỉnh Tây Ninh',1898961),('9268e748-2059-4f82-a0a7-c9409f68714b','HP',20.5773749,107.0380421,'Thành phố Hải Phòng',1902682),('a3ae4c52-50f0-4166-9144-a43ba5f99a58','05',21.3018542,104.1187815,'Tỉnh Sơn La',1903291),('a9435a89-f895-4935-b97c-a18f5bcf6327','35',11.0952706,108.3040271,'Tỉnh Lâm Đồng',1885367),('ba9c709e-e455-4a69-9a51-dd331d681e68','18',20.0577285,106.2470369,'Tỉnh Ninh Bình',1900963),('c3588f53-2905-425e-9fb6-a5ed9c84bcef','29',14.8594835,108.3993081,'Tỉnh Quảng Ngãi',1890793),('c3eb9979-c790-4002-9fb6-fc7c808d26e7','23',18.3383008,105.9285843,'Hà Tĩnh',1898458),('c9cec0c7-d33e-46e4-9df6-a6c293bf7607','49',9.7101955,106.3376216,'Tỉnh Vĩnh Long',1875887),('d280f837-b311-48b0-b4f8-56b9625c5de0','01',22.2500039,103.1531825,'Tỉnh Lai Châu',1903322),('d53f364c-ed27-4628-8b16-d0ac0d1446de','45',10.5541179,106.0894737,'Tỉnh Đồng Tháp',1875866),('d9a0836f-de70-4c22-8689-b3e8276e999b','DN',15.6426813,108.1172366,'Thành phố Đà Nẵng',1891418),('ddaa5058-ce4f-4ed2-a0e7-647fa749e857','13',21.0640481,107.3238826,'Tỉnh Quảng Ninh',1902947),('e2293641-b6b5-4d87-84a3-73190844d22f','25',17.2168886,106.6498212,'Tỉnh Quảng Trị',1895630),('e402d958-e8b7-4ade-ad78-8f2170571ac0','68',21.0125021,105.3357186,'Tỉnh Phú Thọ',1902930);
/*!40000 ALTER TABLE `province` ENABLE KEYS */;
UNLOCK TABLES;

--
-- Table structure for table `refresh_token`
--

DROP TABLE IF EXISTS `refresh_token`;
/*!40101 SET @saved_cs_client     = @@character_set_client */;
/*!50503 SET character_set_client = utf8mb4 */;
CREATE TABLE `refresh_token` (
  `id` varchar(255) NOT NULL,
  `created_at` datetime(6) NOT NULL,
  `device_info` varchar(255) DEFAULT NULL,
  `expires_at` datetime(6) NOT NULL,
  `ip_address` varchar(255) DEFAULT NULL,
  `is_revoked` bit(1) DEFAULT NULL,
  `token` varchar(255) NOT NULL,
  `user_id` varchar(255) NOT NULL,
  PRIMARY KEY (`id`),
  UNIQUE KEY `UKr4k4edos30bx9neoq81mdvwph` (`token`),
  KEY `FKfgk1klcib7i15utalmcqo7krt` (`user_id`),
  CONSTRAINT `FKfgk1klcib7i15utalmcqo7krt` FOREIGN KEY (`user_id`) REFERENCES `user` (`id`)
) ENGINE=InnoDB DEFAULT CHARSET=utf8mb4 COLLATE=utf8mb4_0900_ai_ci;
/*!40101 SET character_set_client = @saved_cs_client */;

--
-- Dumping data for table `refresh_token`
--

LOCK TABLES `refresh_token` WRITE;
/*!40000 ALTER TABLE `refresh_token` DISABLE KEYS */;
INSERT INTO `refresh_token` VALUES ('06a5a4da-a325-4c53-b7f1-82039b3d3061','2026-03-12 09:22:14.695598',NULL,'2026-03-16 13:22:14.552807',NULL,_binary '','Z3vIbcTfj0QWzJWl8koJtR9qXcLrTS6ZzpR7ZyzvHhw=','81e4e0ff-3f0b-434b-8841-731bff7f09af'),('07a7a5ea-6b5e-47a9-addb-45fbd7127777','2026-03-12 09:21:42.271260',NULL,'2026-03-16 13:21:42.149494',NULL,_binary '\0','JmykfOpoOLxytGVCKWFpL++247bt873VLhp6QtAWOzA=','81e4e0ff-3f0b-434b-8841-731bff7f09af'),('1548b509-e97d-434e-8ecb-b59da5321bba','2026-03-12 10:50:37.433761',NULL,'2026-03-16 14:50:37.226482',NULL,_binary '','vV5FvGhGWEVom4FV20G+8u7Gy0hF1TL5DfU8Cr7JJoY=','cba1b5ec-8770-4e50-b782-cae157d5f35e'),('796f7e81-29e1-4693-8ca9-e83954b5b300','2026-03-12 10:11:43.558086',NULL,'2026-03-16 14:11:43.364793',NULL,_binary '\0','hAJJNYNlTAwvrfY2vZv22rgIuLpvvQnDlCizlnX9Rp4=','cba1b5ec-8770-4e50-b782-cae157d5f35e'),('d0d88ed8-c32a-4d1b-86a1-977940f7fe20','2026-03-18 07:52:14.145889',NULL,'2026-03-22 11:52:13.846173',NULL,_binary '\0','yo5rU1HZss+oX891G+Z3jVTgBC0L2vyOrcFw1Lg/Zhs=','81e4e0ff-3f0b-434b-8841-731bff7f09af'),('e4ec4e53-4333-4433-a6d4-ac0338ce5842','2026-03-12 09:18:42.426518',NULL,'2026-03-16 13:18:42.183535',NULL,_binary '\0','lNdrvgCzUSdCyenR1uSy3/n2kfdprfiTK0fwOZ0ekkI=','81e4e0ff-3f0b-434b-8841-731bff7f09af'),('ed1a94b6-e649-420c-9772-b199ab24c58f','2026-03-18 07:50:56.706473',NULL,'2026-03-22 11:50:56.317320',NULL,_binary '','d2Weq9DG2EpqtJNRQybcyoaIB4zM20uw1NNEt7bCRsk=','cba1b5ec-8770-4e50-b782-cae157d5f35e'),('f47a5594-6e50-4126-8354-bd95e4f60603','2026-03-12 10:52:33.740220',NULL,'2026-03-16 14:52:33.638766',NULL,_binary '\0','YzfZMkVI68Zk/+f+hqCd/Qd79uvd0Z7K8qH9rPY52uk=','cba1b5ec-8770-4e50-b782-cae157d5f35e');
/*!40000 ALTER TABLE `refresh_token` ENABLE KEYS */;
UNLOCK TABLES;

--
-- Table structure for table `trip`
--

DROP TABLE IF EXISTS `trip`;
/*!40101 SET @saved_cs_client     = @@character_set_client */;
/*!50503 SET character_set_client = utf8mb4 */;
CREATE TABLE `trip` (
  `id` varchar(255) NOT NULL,
  `actual_arrival_time` datetime(6) DEFAULT NULL,
  `actual_departure_time` datetime(6) DEFAULT NULL,
  `actual_distance_km` decimal(10,2) DEFAULT NULL,
  `actual_route_polyline` text,
  `available_seats` int DEFAULT NULL,
  `completed_at` datetime(6) DEFAULT NULL,
  `created_at` datetime(6) NOT NULL,
  `departure_time` datetime(6) DEFAULT NULL,
  `driver_note` varchar(255) DEFAULT NULL,
  `estimated_distance_km` decimal(10,2) DEFAULT NULL,
  `estimated_duration_minutes` int DEFAULT NULL,
  `price_per_seat` decimal(38,2) DEFAULT NULL,
  `route_polyline` text,
  `status` enum('CANCELLED','COMPLETED','FULL','IN_PROGRESS','OPEN') DEFAULT NULL,
  `total_seats` int DEFAULT NULL,
  `updated_at` datetime(6) DEFAULT NULL,
  `driver_id` varchar(255) NOT NULL,
  PRIMARY KEY (`id`),
  KEY `FK1aufc9naecj8ty35cdpx8sokg` (`driver_id`),
  CONSTRAINT `FK1aufc9naecj8ty35cdpx8sokg` FOREIGN KEY (`driver_id`) REFERENCES `driver_profile` (`id`)
) ENGINE=InnoDB DEFAULT CHARSET=utf8mb4 COLLATE=utf8mb4_0900_ai_ci;
/*!40101 SET character_set_client = @saved_cs_client */;

--
-- Dumping data for table `trip`
--

LOCK TABLES `trip` WRITE;
/*!40000 ALTER TABLE `trip` DISABLE KEYS */;
/*!40000 ALTER TABLE `trip` ENABLE KEYS */;
UNLOCK TABLES;

--
-- Table structure for table `trip_dropoff_point`
--

DROP TABLE IF EXISTS `trip_dropoff_point`;
/*!40101 SET @saved_cs_client     = @@character_set_client */;
/*!50503 SET character_set_client = utf8mb4 */;
CREATE TABLE `trip_dropoff_point` (
  `id` varchar(255) NOT NULL,
  `address` varchar(255) DEFAULT NULL,
  `dropoff_time` time(6) DEFAULT NULL,
  `note` varchar(255) DEFAULT NULL,
  `sort_order` int DEFAULT NULL,
  `trip_id` varchar(255) NOT NULL,
  `district_id` varchar(255) NOT NULL,
  PRIMARY KEY (`id`),
  KEY `FKj359r8co8q4njdg9tvtjnq1ke` (`trip_id`),
  KEY `FKmsbqjbv5as2qr1b8cl5jwwptj` (`district_id`),
  CONSTRAINT `FKj359r8co8q4njdg9tvtjnq1ke` FOREIGN KEY (`trip_id`) REFERENCES `trip` (`id`),
  CONSTRAINT `FKmsbqjbv5as2qr1b8cl5jwwptj` FOREIGN KEY (`district_id`) REFERENCES `ward` (`id`)
) ENGINE=InnoDB DEFAULT CHARSET=utf8mb4 COLLATE=utf8mb4_0900_ai_ci;
/*!40101 SET character_set_client = @saved_cs_client */;

--
-- Dumping data for table `trip_dropoff_point`
--

LOCK TABLES `trip_dropoff_point` WRITE;
/*!40000 ALTER TABLE `trip_dropoff_point` DISABLE KEYS */;
/*!40000 ALTER TABLE `trip_dropoff_point` ENABLE KEYS */;
UNLOCK TABLES;

--
-- Table structure for table `trip_pickup_point`
--

DROP TABLE IF EXISTS `trip_pickup_point`;
/*!40101 SET @saved_cs_client     = @@character_set_client */;
/*!50503 SET character_set_client = utf8mb4 */;
CREATE TABLE `trip_pickup_point` (
  `id` varchar(255) NOT NULL,
  `address` varchar(255) DEFAULT NULL,
  `note` varchar(255) DEFAULT NULL,
  `pickup_time` time(6) DEFAULT NULL,
  `sort_order` int DEFAULT NULL,
  `trip_id` varchar(255) NOT NULL,
  `district_id` varchar(255) NOT NULL,
  PRIMARY KEY (`id`),
  KEY `FK6vpbp3e8gbib2spbnvw2qhogw` (`trip_id`),
  KEY `FKe534tekc0og49xe5qtpmsygs5` (`district_id`),
  CONSTRAINT `FK6vpbp3e8gbib2spbnvw2qhogw` FOREIGN KEY (`trip_id`) REFERENCES `trip` (`id`),
  CONSTRAINT `FKe534tekc0og49xe5qtpmsygs5` FOREIGN KEY (`district_id`) REFERENCES `ward` (`id`)
) ENGINE=InnoDB DEFAULT CHARSET=utf8mb4 COLLATE=utf8mb4_0900_ai_ci;
/*!40101 SET character_set_client = @saved_cs_client */;

--
-- Dumping data for table `trip_pickup_point`
--

LOCK TABLES `trip_pickup_point` WRITE;
/*!40000 ALTER TABLE `trip_pickup_point` DISABLE KEYS */;
/*!40000 ALTER TABLE `trip_pickup_point` ENABLE KEYS */;
UNLOCK TABLES;

--
-- Table structure for table `user`
--

DROP TABLE IF EXISTS `user`;
/*!40101 SET @saved_cs_client     = @@character_set_client */;
/*!50503 SET character_set_client = utf8mb4 */;
CREATE TABLE `user` (
  `id` varchar(255) NOT NULL,
  `avatar_url` varchar(255) DEFAULT NULL,
  `created_at` datetime(6) NOT NULL,
  `date_of_birth` date DEFAULT NULL,
  `email` varchar(255) DEFAULT NULL,
  `full_name` varchar(255) DEFAULT NULL,
  `gender` enum('FEMALE','MALE','OTHER') DEFAULT NULL,
  `password` varchar(255) DEFAULT NULL,
  `phone_number` varchar(255) DEFAULT NULL,
  `updated_at` datetime(6) DEFAULT NULL,
  `verified` bit(1) DEFAULT NULL,
  PRIMARY KEY (`id`)
) ENGINE=InnoDB DEFAULT CHARSET=utf8mb4 COLLATE=utf8mb4_0900_ai_ci;
/*!40101 SET character_set_client = @saved_cs_client */;

--
-- Dumping data for table `user`
--

LOCK TABLES `user` WRITE;
/*!40000 ALTER TABLE `user` DISABLE KEYS */;
INSERT INTO `user` VALUES ('81e4e0ff-3f0b-434b-8841-731bff7f09af',NULL,'2026-03-12 09:06:43.578747',NULL,'quanghuytq3011@gmail.com','Trần Lả Lướt',NULL,'$2a$10$x0XPxmlHuuSqU/xg49Opge6T2sMX69586J/7wZW4YHcPO16x67AeK',NULL,'2026-03-12 09:06:43.578747',_binary ''),('cba1b5ec-8770-4e50-b782-cae157d5f35e',NULL,'2026-03-12 10:10:31.320107',NULL,'admin@gmail.com','Át Min',NULL,'$2a$10$xaBTqb4KhzVThJy5eAGvBOHe.WGeauETwcKYwjS4QpjdTlWEPVNMi',NULL,'2026-03-12 10:10:31.320107',_binary '');
/*!40000 ALTER TABLE `user` ENABLE KEYS */;
UNLOCK TABLES;

--
-- Table structure for table `user_roles`
--

DROP TABLE IF EXISTS `user_roles`;
/*!40101 SET @saved_cs_client     = @@character_set_client */;
/*!50503 SET character_set_client = utf8mb4 */;
CREATE TABLE `user_roles` (
  `user_id` varchar(255) NOT NULL,
  `roles` enum('ADMIN','CUSTOMER','DRIVER') DEFAULT NULL,
  KEY `FK55itppkw3i07do3h7qoclqd4k` (`user_id`),
  CONSTRAINT `FK55itppkw3i07do3h7qoclqd4k` FOREIGN KEY (`user_id`) REFERENCES `user` (`id`)
) ENGINE=InnoDB DEFAULT CHARSET=utf8mb4 COLLATE=utf8mb4_0900_ai_ci;
/*!40101 SET character_set_client = @saved_cs_client */;

--
-- Dumping data for table `user_roles`
--

LOCK TABLES `user_roles` WRITE;
/*!40000 ALTER TABLE `user_roles` DISABLE KEYS */;
INSERT INTO `user_roles` VALUES ('81e4e0ff-3f0b-434b-8841-731bff7f09af','DRIVER'),('cba1b5ec-8770-4e50-b782-cae157d5f35e','ADMIN');
/*!40000 ALTER TABLE `user_roles` ENABLE KEYS */;
UNLOCK TABLES;

--
-- Table structure for table `vehicle`
--

DROP TABLE IF EXISTS `vehicle`;
/*!40101 SET @saved_cs_client     = @@character_set_client */;
/*!50503 SET character_set_client = utf8mb4 */;
CREATE TABLE `vehicle` (
  `id` varchar(255) NOT NULL,
  `created_at` datetime(6) NOT NULL,
  `insurance_expiry_date` date DEFAULT NULL,
  `insurance_image` varchar(255) DEFAULT NULL,
  `is_active` bit(1) DEFAULT NULL,
  `is_verified` bit(1) DEFAULT NULL,
  `plate_number` varchar(255) DEFAULT NULL,
  `registration_expiry_date` date DEFAULT NULL,
  `registration_image` varchar(255) DEFAULT NULL,
  `seat_capacity` int DEFAULT NULL,
  `updated_at` datetime(6) DEFAULT NULL,
  `vehicle_brand` varchar(255) DEFAULT NULL,
  `vehicle_color` varchar(255) DEFAULT NULL,
  `vehicle_image` varchar(255) DEFAULT NULL,
  `vehicle_model` varchar(255) DEFAULT NULL,
  `vehicle_type` enum('BUS_29_SEAT','BUS_35_SEAT','BUS_45_SEAT','CAR_4_SEAT','CAR_5_SEAT','CAR_7_SEAT','LIMOUSINE_11_SEAT','LIMOUSINE_9_SEAT','MINIBUS_16_SEAT','MINIBUS_24_SEAT','VAN_12_SEAT','VAN_9_SEAT') DEFAULT NULL,
  `vehicle_year` int DEFAULT NULL,
  `driver_id` varchar(255) NOT NULL,
  PRIMARY KEY (`id`),
  UNIQUE KEY `UKiok8dfb7dthtedipgsyi1rhju` (`driver_id`),
  CONSTRAINT `FKm9e7pluwc1at4u84lmllf9w39` FOREIGN KEY (`driver_id`) REFERENCES `driver_profile` (`id`)
) ENGINE=InnoDB DEFAULT CHARSET=utf8mb4 COLLATE=utf8mb4_0900_ai_ci;
/*!40101 SET character_set_client = @saved_cs_client */;

--
-- Dumping data for table `vehicle`
--

LOCK TABLES `vehicle` WRITE;
/*!40000 ALTER TABLE `vehicle` DISABLE KEYS */;
/*!40000 ALTER TABLE `vehicle` ENABLE KEYS */;
UNLOCK TABLES;

--
-- Table structure for table `ward`
--

DROP TABLE IF EXISTS `ward`;
/*!40101 SET @saved_cs_client     = @@character_set_client */;
/*!50503 SET character_set_client = utf8mb4 */;
CREATE TABLE `ward` (
  `id` varchar(255) NOT NULL,
  `code` varchar(255) DEFAULT NULL,
  `display_name` varchar(500) DEFAULT NULL,
  `lat` decimal(10,7) DEFAULT NULL,
  `lng` decimal(10,7) DEFAULT NULL,
  `name` varchar(255) DEFAULT NULL,
  `osm_id` bigint DEFAULT NULL,
  `province_id` varchar(255) NOT NULL,
  PRIMARY KEY (`id`),
  KEY `FK9eetr1usw9r684sbag6hb8bbh` (`province_id`),
  CONSTRAINT `FK9eetr1usw9r684sbag6hb8bbh` FOREIGN KEY (`province_id`) REFERENCES `province` (`id`)
) ENGINE=InnoDB DEFAULT CHARSET=utf8mb4 COLLATE=utf8mb4_0900_ai_ci;
/*!40101 SET character_set_client = @saved_cs_client */;

--
-- Dumping data for table `ward`
--

LOCK TABLES `ward` WRITE;
/*!40000 ALTER TABLE `ward` DISABLE KEYS */;
INSERT INTO `ward` VALUES ('002e5c47-0628-46c7-8dbe-9104b51c57f1',NULL,'Xã Phú Vinh',16.4601502,107.7729985,'Xã Phú Vinh',19325208,'724bca6c-ef1b-45ed-8521-85db25a110aa'),('00495f3b-f3b5-4f18-b853-0f49120c96a2',NULL,'Phường An Phú Đông',10.8671699,106.6970138,'Phường An Phú Đông',6941018,'1fd466ee-4df8-4822-8d94-c49102f5343e'),('0074f1e6-74dd-4913-bc3f-af3b703a1fa5',NULL,'Xã An Thạnh',9.6868370,106.1609401,'Xã An Thạnh',15658220,'7b8e0708-09e4-40d7-943c-6f68d689d032'),('0080b415-49a4-4809-9d76-91178cfc8e66',NULL,'Phường Bình Dương',11.0526235,106.6880606,'Phường Bình Dương',13455518,'1fd466ee-4df8-4822-8d94-c49102f5343e'),('00cb5fca-0685-43bf-ad74-be73a9192ab7',NULL,'Phường Vĩnh Tân',11.1378801,106.7205826,'Phường Vĩnh Tân',13477543,'1fd466ee-4df8-4822-8d94-c49102f5343e'),('01876f6f-bf1b-45f9-b6fb-30b92be9c077',NULL,'Xã Châu Thành',9.9425305,105.8411160,'Xã Châu Thành',14706121,'7b8e0708-09e4-40d7-943c-6f68d689d032'),('029395b2-4fc6-4b6e-8940-8748563e046b',NULL,'Phường Bắc Cam Ranh',11.9415358,109.2078684,'Phường Bắc Cam Ranh',16139327,'6dc7c2ee-e36e-40e1-9b1a-b223882678ce'),('0328e816-b266-4b3b-9101-cfaa2dbf4df6',NULL,'Xã Khe Tre',16.1433810,107.7689626,'Xã Khe Tre',19325214,'724bca6c-ef1b-45ed-8521-85db25a110aa'),('04ce7442-8d38-435d-b6c1-271729741911',NULL,'Phường Ô Môn',10.1268142,105.6256457,'Phường Ô Môn',13531000,'7b8e0708-09e4-40d7-943c-6f68d689d032'),('05479bff-c0b7-4180-8041-946fb326bb9f',NULL,'Xã Nhà Bè',10.6954118,106.7261429,'Xã Nhà Bè',7650792,'1fd466ee-4df8-4822-8d94-c49102f5343e'),('06e813e7-f2b1-40fb-91e4-4ac22bfe6bfb',NULL,'Phường Hải Châu',16.0797360,108.2140465,'Phường Hải Châu',13969677,'d9a0836f-de70-4c22-8689-b3e8276e999b'),('07060d63-9ac1-4fdb-9ffb-bf541711ccd9',NULL,'Xã Mỹ Tú',9.5899854,105.7935387,'Xã Mỹ Tú',15664503,'7b8e0708-09e4-40d7-943c-6f68d689d032'),('070658c5-3005-4cc6-88b6-246270174933',NULL,'Phường Bình Trưng',10.7940836,106.7613783,'Phường Bình Trưng',7364739,'1fd466ee-4df8-4822-8d94-c49102f5343e'),('073645a0-61e2-4fd5-a1f3-f2670993f513',NULL,'Phường Bạch Mai',21.0021663,105.8517514,'Phường Bạch Mai',19331657,'6c472978-1cb4-4be0-8e6a-505f6a9e6256'),('07f19c1b-0ee0-448b-b9ea-c84beb8700e1',NULL,'Xã Kiều Phú',20.9735405,105.6052127,'Xã Kiều Phú',19514769,'6c472978-1cb4-4be0-8e6a-505f6a9e6256'),('08005ee0-59ca-4586-941d-b57d74081ac2',NULL,'Phường Long Biên',21.0226895,105.8980860,'Phường Long Biên',19301119,'6c472978-1cb4-4be0-8e6a-505f6a9e6256'),('08ce0414-7379-4db9-b2d7-7b8bc5104366',NULL,'Xã Ngãi Giao',10.6240405,107.2089616,'Xã Ngãi Giao',8115640,'1fd466ee-4df8-4822-8d94-c49102f5343e'),('0a1eb39f-64ff-40c3-9b75-c510e33ed925',NULL,'Phường Phước Long',10.8177624,106.7752157,'Phường Phước Long',7342567,'1fd466ee-4df8-4822-8d94-c49102f5343e'),('0aa2fd3a-ca2c-48f3-b9f5-d8a3d1be22dc',NULL,'Phường Phú Diễn',21.0484674,105.7637685,'Phường Phú Diễn',19338319,'6c472978-1cb4-4be0-8e6a-505f6a9e6256'),('0aaacfc9-de4d-48b9-9be0-380dd6ddbdf4',NULL,'Phường An Lạc',10.7346137,106.6110558,'Phường An Lạc',6915821,'1fd466ee-4df8-4822-8d94-c49102f5343e'),('0adb1304-e348-4694-a573-4a89111f5771',NULL,'Xã Nam Trà My',15.1254782,108.1557950,'Xã Nam Trà My',19337524,'d9a0836f-de70-4c22-8689-b3e8276e999b'),('0ba1254f-fe1f-4a31-b56d-8ed42b23a103',NULL,'Xã Thu Bồn',15.7919500,108.1156670,'Xã Thu Bồn',19337492,'d9a0836f-de70-4c22-8689-b3e8276e999b'),('0c1ce2d4-3c38-4473-b8de-87662f850532',NULL,'Phường Vỹ Dạ',16.4750649,107.6122572,'Phường Vỹ Dạ',19324113,'724bca6c-ef1b-45ed-8521-85db25a110aa'),('0c95828b-268d-4599-9781-b915faa3f6cd',NULL,'Xã Bác Ái Tây',11.9936188,108.7625707,'Xã Bác Ái Tây',17606334,'6dc7c2ee-e36e-40e1-9b1a-b223882678ce'),('0d4bab57-0e38-49fa-a288-d605eebc6ae4',NULL,'Xã Hòa Tiến',15.9603797,108.0994781,'Xã Hòa Tiến',15848502,'d9a0836f-de70-4c22-8689-b3e8276e999b'),('0d4e2e26-c374-4b02-bcdd-2f68e05f023c',NULL,'Phường Kim Trà',16.4938348,107.5101760,'Phường Kim Trà',19325228,'724bca6c-ef1b-45ed-8521-85db25a110aa'),('0d65fd06-f57d-4ff9-a383-4719c3185132',NULL,'Phường Phú Thạnh',10.7714801,106.6273806,'Phường Phú Thạnh',6890889,'1fd466ee-4df8-4822-8d94-c49102f5343e'),('0e121630-853e-457e-aea0-d33871021a18',NULL,'Xã Hương Xuân',18.0848931,105.6544590,'Xã Hương Xuân',19446816,'c3eb9979-c790-4002-9fb6-fc7c808d26e7'),('0e231e89-87f6-4f5c-90ee-f0422ee785c6',NULL,'Phường Hòa Cường',16.0430343,108.2124156,'Phường Hòa Cường',13967817,'d9a0836f-de70-4c22-8689-b3e8276e999b'),('0e750cbc-0cd9-46ad-a4d5-676f1ec30569',NULL,'Xã Hương Đô',18.1745255,105.7798410,'Xã Hương Đô',19446820,'c3eb9979-c790-4002-9fb6-fc7c808d26e7'),('0f3d71b7-9934-4a68-94ec-f1cbd215f60e',NULL,'Xã Hòa Trí',12.5997611,109.0558740,'Xã Hòa Trí',17082272,'6dc7c2ee-e36e-40e1-9b1a-b223882678ce'),('0f8a7cdb-6afe-4b66-8e42-cc8dd1b385e7',NULL,'Phường Đống Đa',21.0111956,105.8224661,'Phường Đống Đa',19331659,'6c472978-1cb4-4be0-8e6a-505f6a9e6256'),('0fa191e6-9cc6-44c3-ab79-47c53081b08a',NULL,'Xã Tam Anh',15.4831275,108.5862953,'Xã Tam Anh',19337507,'d9a0836f-de70-4c22-8689-b3e8276e999b'),('104c1d87-3fdb-4dbe-a318-ee874ff23805',NULL,'Xã Đông Thạnh',10.8981110,106.6454100,'Xã Đông Thạnh',7638095,'1fd466ee-4df8-4822-8d94-c49102f5343e'),('106d52c0-d540-476d-9b33-bacaa45cb813',NULL,'Xã Xuân Phú',15.7910440,108.3068455,'Xã Xuân Phú',19337478,'d9a0836f-de70-4c22-8689-b3e8276e999b'),('107c3a44-0553-4fcb-8a58-41f5402a072f',NULL,'Xã Phúc Thọ',21.1072507,105.5560335,'Xã Phúc Thọ',19514777,'6c472978-1cb4-4be0-8e6a-505f6a9e6256'),('10a4420e-14ba-40ed-9bcf-9f07bbfbbcd1',NULL,'Xã Phú Ninh',15.4716245,108.4409615,'Xã Phú Ninh',19337521,'d9a0836f-de70-4c22-8689-b3e8276e999b'),('10b4c976-aa5c-408f-917c-68bcede8b86b',NULL,'Xã Tam Xuân',15.5344095,108.5435211,'Xã Tam Xuân',19337503,'d9a0836f-de70-4c22-8689-b3e8276e999b'),('1176e3fb-dfc7-462c-b36b-97b1b2568a79',NULL,'Phường Phú Lợi',9.5924162,105.9852307,'Phường Phú Lợi',10606838,'7b8e0708-09e4-40d7-943c-6f68d689d032'),('118434fa-8928-4c9f-bebe-56ef16db6cfe',NULL,'Phường Bình Lợi Trung',10.8222069,106.6986276,'Phường Bình Lợi Trung',19260953,'1fd466ee-4df8-4822-8d94-c49102f5343e'),('11a4d195-1b9f-46e8-b26f-26dfe37895c5',NULL,'Phường Mỹ Xuyên',9.5550925,105.9479830,'Phường Mỹ Xuyên',15665886,'7b8e0708-09e4-40d7-943c-6f68d689d032'),('11c08fba-d143-47b4-831e-b92fc8fe89bc',NULL,'Xã Thạnh An',10.1770499,105.2911632,'Xã Thạnh An',13514921,'7b8e0708-09e4-40d7-943c-6f68d689d032'),('12030ca4-9866-4799-a5cb-aebed9a6f82d',NULL,'Xã Phú Cát',20.9493352,105.5619582,'Xã Phú Cát',19514767,'6c472978-1cb4-4be0-8e6a-505f6a9e6256'),('123aa8ce-741f-4542-9a56-bce168e7d771',NULL,'Xã Bến Hiên',15.8476770,107.7188830,'Xã Bến Hiên',19337551,'d9a0836f-de70-4c22-8689-b3e8276e999b'),('129f46c3-f921-4b56-9174-3a3825b09510',NULL,'Xã Bà Nà',16.0501870,108.0642810,'Xã Bà Nà',15848508,'d9a0836f-de70-4c22-8689-b3e8276e999b'),('12cb9601-ff12-4b09-867e-dd38336a5b7c',NULL,'Phường Tây Hồ',21.0620832,105.8222939,'Phường Tây Hồ',19332321,'6c472978-1cb4-4be0-8e6a-505f6a9e6256'),('15399831-4dfe-4e6a-801a-83aa433fa2ae',NULL,'Xã Sơn Cẩm Hà',15.5378099,108.2658250,'Xã Sơn Cẩm Hà',19337510,'d9a0836f-de70-4c22-8689-b3e8276e999b'),('153c8172-0e81-450e-9711-8be26b2fba91',NULL,'Phường Phan Rang',11.5650318,108.9899765,'Phường Phan Rang',16074981,'6dc7c2ee-e36e-40e1-9b1a-b223882678ce'),('15b9c776-d5f6-46e5-b673-2501318c14f2',NULL,'Xã Bến Giằng',15.6669505,107.7051200,'Xã Bến Giằng',19337552,'d9a0836f-de70-4c22-8689-b3e8276e999b'),('15c63d6a-b830-4558-93c0-a936c48efe6a',NULL,'Phường Mỹ Thượng',16.5049010,107.6289079,'Phường Mỹ Thượng',19325235,'724bca6c-ef1b-45ed-8521-85db25a110aa'),('15c863c3-029b-4710-8f91-e3c01842615b',NULL,'Phường Hoàng Mai',20.9738278,105.8650319,'Phường Hoàng Mai',19334587,'6c472978-1cb4-4be0-8e6a-505f6a9e6256'),('15d35ccc-2c7a-4396-9a8c-744850622343',NULL,'Xã Trường Long Tây',9.9442369,105.5757199,'Xã Trường Long Tây',14706494,'7b8e0708-09e4-40d7-943c-6f68d689d032'),('15de047b-eeca-4979-8f05-6c828991027f',NULL,'Xã Phước Hải',10.4384477,107.3104752,'Xã Phước Hải',7867844,'1fd466ee-4df8-4822-8d94-c49102f5343e'),('15ec1859-b4cf-42bf-b9c4-aa9b8dfd3224',NULL,'Xã Long Phú',9.5992666,106.1235255,'Xã Long Phú',15659020,'7b8e0708-09e4-40d7-943c-6f68d689d032'),('1673ef04-9ead-4a8e-b02b-fab2f8b564f3',NULL,'Phường Khánh Hòa',9.3962797,106.0265551,'Phường Khánh Hòa',15587608,'7b8e0708-09e4-40d7-943c-6f68d689d032'),('16f7a54c-4516-4cc9-8760-1fa682518bc7',NULL,'Xã Phú Thuận',15.7832205,108.0167650,'Xã Phú Thuận',19337520,'d9a0836f-de70-4c22-8689-b3e8276e999b'),('17209d35-be09-491c-bc65-90e43fbc6cec',NULL,'Xã Phú Lộc',16.2587175,107.8972330,'Xã Phú Lộc',19325213,'724bca6c-ef1b-45ed-8521-85db25a110aa'),('17526fce-c5e6-4b6c-9766-660778c35d17',NULL,'Phường Bến Cát',11.2043223,106.6316765,'Phường Bến Cát',13477633,'1fd466ee-4df8-4822-8d94-c49102f5343e'),('178802c0-cd66-4111-b886-fbbeeca71008',NULL,'Xã Trà My',15.3457900,108.2312225,'Xã Trà My',19337484,'d9a0836f-de70-4c22-8689-b3e8276e999b'),('1884c5d2-9bf7-4caa-ae2f-69b27e13aeae',NULL,'Phường Long Phú 1',9.6572506,105.6359807,'Phường Long Phú 1',13570713,'7b8e0708-09e4-40d7-943c-6f68d689d032'),('18ac1925-3c66-4f3a-8b74-e83bcc6fa2cf',NULL,'Phường Vĩnh Tuy',20.9978494,105.8674457,'Phường Vĩnh Tuy',19334583,'6c472978-1cb4-4be0-8e6a-505f6a9e6256'),('190e8407-9934-4bcd-b6d5-a36a74c96f87',NULL,'Phường Tam Long',10.5289618,107.2143439,'Phường Tam Long',4137054,'1fd466ee-4df8-4822-8d94-c49102f5343e'),('19295ed2-fd66-467d-a39b-29cc8fc59614',NULL,'Phường Tây Nha Trang',12.2595907,109.1571475,'Phường Tây Nha Trang',16205487,'6dc7c2ee-e36e-40e1-9b1a-b223882678ce'),('19867f77-b7a9-4e74-8209-3dcb494aa6de',NULL,'Xã Tiến Thắng',21.2076634,105.6912868,'Xã Tiến Thắng',19335115,'6c472978-1cb4-4be0-8e6a-505f6a9e6256'),('19ce8407-a031-4bd6-b255-070bf7d767d3',NULL,'Xã Trừ Văn Thố',11.3400043,106.5940872,'Xã Trừ Văn Thố',15044265,'1fd466ee-4df8-4822-8d94-c49102f5343e'),('19e48a27-15c5-44f0-867e-f004161f8a66',NULL,'Phường Bình Phú',10.7378506,106.6301263,'Phường Bình Phú',19260733,'1fd466ee-4df8-4822-8d94-c49102f5343e'),('1aaacc2c-1990-4526-b068-c44b9e355478',NULL,'Phường Phú Thọ Hòa',10.7883612,106.6261293,'Phường Phú Thọ Hòa',6890890,'1fd466ee-4df8-4822-8d94-c49102f5343e'),('1b438697-e240-4f75-bca8-38e8f2685a29',NULL,'Xã Nông Sơn',15.7023860,108.0871920,'Xã Nông Sơn',19337523,'d9a0836f-de70-4c22-8689-b3e8276e999b'),('1b4b95d1-9280-498e-81e3-34c7e41696ad',NULL,'Xã Trà Liên',15.3399246,108.3675705,'Xã Trà Liên',19337486,'d9a0836f-de70-4c22-8689-b3e8276e999b'),('1b55c728-5ca7-4ed9-8fb1-a6b704ba2c4d',NULL,'Phường Bàn Cờ',10.7710676,106.6819470,'Phường Bàn Cờ',19260547,'1fd466ee-4df8-4822-8d94-c49102f5343e'),('1c2be558-c7c8-434a-ab12-e82cbb20ac62',NULL,'Xã Hồ Tràm',10.5243921,107.3993443,'Xã Hồ Tràm',8165499,'1fd466ee-4df8-4822-8d94-c49102f5343e'),('1c800edc-810c-43ee-b264-cad83935cf55',NULL,'Phường Sài Gòn',10.7799595,106.7051016,'Phường Sài Gòn',19260504,'1fd466ee-4df8-4822-8d94-c49102f5343e'),('1d1c3175-4a68-4331-bb36-53819b3a0275',NULL,'Xã Kỳ Thượng',18.0205993,106.1060485,'Xã Kỳ Thượng',19446810,'c3eb9979-c790-4002-9fb6-fc7c808d26e7'),('1d9e0811-95b0-44f8-b4e8-8fa299bb7ed5',NULL,'Phường Tân Thới Hiệp',10.8734111,106.6378529,'Phường Tân Thới Hiệp',6928155,'1fd466ee-4df8-4822-8d94-c49102f5343e'),('1e27239c-8f06-4c90-93a8-d0a801606891',NULL,'Xã Tam Hải',15.4939122,108.6590841,'Xã Tam Hải',19337506,'d9a0836f-de70-4c22-8689-b3e8276e999b'),('1e493d0a-f9b5-4028-a8d3-56b13495b51f',NULL,'Xã Đại Hải',9.8010023,105.8801603,'Xã Đại Hải',15661136,'7b8e0708-09e4-40d7-943c-6f68d689d032'),('1e7a16ea-6016-4405-b996-c5585bc76277',NULL,'Xã Diên Điền',12.3113978,109.0963321,'Xã Diên Điền',19395749,'6dc7c2ee-e36e-40e1-9b1a-b223882678ce'),('1ea5766c-9b23-4f33-9ec6-1e1c0484c49a',NULL,'Phường Văn Miếu - Quốc Tử Giám',21.0190648,105.8356282,'Phường Văn Miếu - Quốc Tử Giám',19331655,'6c472978-1cb4-4be0-8e6a-505f6a9e6256'),('1ecd9038-f6cd-4fcb-bb08-270dd21d36c9',NULL,'Xã Núi Thành',15.4250937,108.6497824,'Xã Núi Thành',19337522,'d9a0836f-de70-4c22-8689-b3e8276e999b'),('1ee0fc14-944e-4885-8e55-35532ccccb58',NULL,'Phường Thuận Hưng',10.2298933,105.5663434,'Phường Thuận Hưng',13532748,'7b8e0708-09e4-40d7-943c-6f68d689d032'),('1ee5248a-35e9-4fed-8778-694faa28830e',NULL,'Phường Bình Tiên',10.7411999,106.6445005,'Phường Bình Tiên',19260736,'1fd466ee-4df8-4822-8d94-c49102f5343e'),('1ef16206-9caa-4835-b1fe-afc7f39fa586',NULL,'Xã Dương Hòa',21.0490660,105.6717385,'Xã Dương Hòa',19446383,'6c472978-1cb4-4be0-8e6a-505f6a9e6256'),('1f156311-e799-4ff4-9c21-13718bdfde42',NULL,'Xã Hưng Lộc',16.3067740,107.7052650,'Xã Hưng Lộc',19325211,'724bca6c-ef1b-45ed-8521-85db25a110aa'),('1f37b626-46e5-411c-aae6-e90294cd95af',NULL,'Xã Hát Môn',21.0889653,105.6271298,'Xã Hát Môn',19514778,'6c472978-1cb4-4be0-8e6a-505f6a9e6256'),('1f96bfc8-d8d9-48d8-a4dc-df8e5524fbdd',NULL,'Phường Thanh Khê',16.0666405,108.1892403,'Phường Thanh Khê',13995327,'d9a0836f-de70-4c22-8689-b3e8276e999b'),('2019ac66-f75d-4ed1-b568-8c045cedb540',NULL,'Phường Trung Mỹ Tây',10.8599165,106.6224163,'Phường Trung Mỹ Tây',6928030,'1fd466ee-4df8-4822-8d94-c49102f5343e'),('20825d28-f62e-4608-a8c0-05b89c6f0c6c',NULL,'Phường Hiệp Bình',10.8466416,106.7247391,'Phường Hiệp Bình',7138137,'1fd466ee-4df8-4822-8d94-c49102f5343e'),('20a6b5d3-ec35-45af-964c-403e18c2bbde',NULL,'Xã Kỳ Lạc',17.9955479,106.2368180,'Xã Kỳ Lạc',19446811,'c3eb9979-c790-4002-9fb6-fc7c808d26e7'),('20b50cf7-cad0-4b98-bd31-706d07b8e820',NULL,'Xã An Lạc Thôn',9.8747074,105.9116940,'Xã An Lạc Thôn',15661147,'7b8e0708-09e4-40d7-943c-6f68d689d032'),('21caa8ee-893d-4cb9-9028-3d08be1d1ac2',NULL,'Phường Linh Xuân',10.8713557,106.7791744,'Phường Linh Xuân',8427050,'1fd466ee-4df8-4822-8d94-c49102f5343e'),('227dcace-3cb5-4ca1-93a6-72ed958d392f',NULL,'Phường Nghĩa Đô',21.0435176,105.7939687,'Phường Nghĩa Đô',19335054,'6c472978-1cb4-4be0-8e6a-505f6a9e6256'),('23a4ce92-c6cb-4e0d-9fc5-a1604b0bfb1b',NULL,'Phường Vị Thanh',9.7586472,105.4505283,'Phường Vị Thanh',14908445,'7b8e0708-09e4-40d7-943c-6f68d689d032'),('23fb3bc7-b007-4906-b30b-fd8e2153ce4b',NULL,'Xã Bình Mỹ',10.9800542,106.6116670,'Xã Bình Mỹ',7621978,'1fd466ee-4df8-4822-8d94-c49102f5343e'),('240a703d-3ce4-4f79-acf9-d456cdd57ca0',NULL,'Xã Phương Bình',9.7089017,105.6860487,'Xã Phương Bình',14706960,'7b8e0708-09e4-40d7-943c-6f68d689d032'),('24c41e82-22ac-4a8e-b2c8-7f42816a32c7',NULL,'Xã Tân An Hội',10.9702915,106.4707633,'Xã Tân An Hội',7629221,'1fd466ee-4df8-4822-8d94-c49102f5343e'),('25a79f82-7876-48b0-a966-65e4e1a304bd',NULL,'Xã Long Điền',10.4685835,107.2164341,'Xã Long Điền',3610394,'1fd466ee-4df8-4822-8d94-c49102f5343e'),('25be6ddd-a1e1-4419-a12d-d6f092f85b5c',NULL,'Xã Đại Ngãi',9.6969147,106.0744519,'Xã Đại Ngãi',15659014,'7b8e0708-09e4-40d7-943c-6f68d689d032'),('2621ca40-22c9-45b6-9489-b463dbbb7fd2',NULL,'Phường Bắc Hồng Lĩnh',18.5608862,105.6915158,'Phường Bắc Hồng Lĩnh',19410999,'c3eb9979-c790-4002-9fb6-fc7c808d26e7'),('2719c69c-6e3f-41f9-9bcc-62a4f5d195af',NULL,'Phường Dương Nỗ',16.5226277,107.6002969,'Phường Dương Nỗ',19324108,'724bca6c-ef1b-45ed-8521-85db25a110aa'),('273cbfcb-3ac9-4c01-986d-203960c5c7ea',NULL,'Phường Long Hương',10.5069667,107.1487996,'Phường Long Hương',4132582,'1fd466ee-4df8-4822-8d94-c49102f5343e'),('275c3bd3-dec3-4f7d-aa9d-b818ca7fe2d0',NULL,'Xã Thăng An',15.7721320,108.3933904,'Xã Thăng An',19337499,'d9a0836f-de70-4c22-8689-b3e8276e999b'),('2796d9fe-d2b9-4df9-be93-61189303c048',NULL,'Phường Hòa Xuân',15.9859361,108.2105679,'Phường Hòa Xuân',13967826,'d9a0836f-de70-4c22-8689-b3e8276e999b'),('281469d0-9d26-4a54-a40d-acb5ed8f240f',NULL,'Xã Tiên Phước',15.5005320,108.3416930,'Xã Tiên Phước',19337490,'d9a0836f-de70-4c22-8689-b3e8276e999b'),('28218804-a403-4bcb-a16b-1c41a4dad8e0',NULL,'Xã Hoài Đức',21.0619594,105.7026997,'Xã Hoài Đức',19437092,'6c472978-1cb4-4be0-8e6a-505f6a9e6256'),('289a2556-c29d-49d0-993a-3080626f1d5b',NULL,'Xã Thái Mỹ',11.0364208,106.4067768,'Xã Thái Mỹ',7629288,'1fd466ee-4df8-4822-8d94-c49102f5343e'),('290fd3d1-745b-43f9-9e30-6254c19c2d26',NULL,'Xã Đông Phước',9.9299800,105.7632773,'Xã Đông Phước',14706126,'7b8e0708-09e4-40d7-943c-6f68d689d032'),('295e73af-c95a-48f9-b8c8-de3340c36431',NULL,'Phường Thới Hòa',11.1036053,106.6204365,'Phường Thới Hòa',13477634,'1fd466ee-4df8-4822-8d94-c49102f5343e'),('29d74c1f-60d5-475b-ae45-ce5108bb1304',NULL,'Xã Trần Đề',9.5017908,106.1662269,'Xã Trần Đề',9582191,'7b8e0708-09e4-40d7-943c-6f68d689d032'),('2b69d965-c2c0-413a-9221-dda6f1c4cde6',NULL,'Xã Xuân Sơn',10.6172672,107.3316440,'Xã Xuân Sơn',8165423,'1fd466ee-4df8-4822-8d94-c49102f5343e'),('2b8ae49e-7abe-457a-bc3e-757c667b8884',NULL,'Xã Phú Hữu',9.9032708,105.8241336,'Xã Phú Hữu',14706124,'7b8e0708-09e4-40d7-943c-6f68d689d032'),('2ba8177d-1d41-4e2f-8aae-63801186162b',NULL,'Xã Phước Hữu',11.5646540,108.8257974,'Xã Phước Hữu',17609709,'6dc7c2ee-e36e-40e1-9b1a-b223882678ce'),('2bfb5ea2-9e1f-443d-9153-63a83b12c670',NULL,'Xã Tiên Điền',18.6371634,105.7820653,'Xã Tiên Điền',19446790,'c3eb9979-c790-4002-9fb6-fc7c808d26e7'),('2c06725c-2c14-4a40-8587-ef0dbf2af0df',NULL,'Xã Đức Thịnh',18.4781567,105.6439393,'Xã Đức Thịnh',19446826,'c3eb9979-c790-4002-9fb6-fc7c808d26e7'),('2c3a4ff3-ecf4-4af4-aaf8-b1be3d10724c',NULL,'Phường Bảo An',11.5963025,108.9662998,'Phường Bảo An',16074366,'6dc7c2ee-e36e-40e1-9b1a-b223882678ce'),('2cbed6e1-e162-4eef-84af-64cf5b70c9c9',NULL,'Phường Ô Chợ Dừa',21.0230105,105.8254711,'Phường Ô Chợ Dừa',19331658,'6c472978-1cb4-4be0-8e6a-505f6a9e6256'),('2ce24153-3e9e-4e2b-874d-6d88482375e6',NULL,'Phường Hà Đông',20.9740143,105.7768153,'Phường Hà Đông',19341924,'6c472978-1cb4-4be0-8e6a-505f6a9e6256'),('2d7d2cb7-6890-459d-90c9-484d4bec8d31',NULL,'Xã Thanh An',11.2479355,106.4449156,'Xã Thanh An',15328441,'1fd466ee-4df8-4822-8d94-c49102f5343e'),('2e3d5070-0bd9-4d6e-98ae-93cd9acd5a9d',NULL,'Xã Kỳ Xuân',18.2222227,106.1775234,'Xã Kỳ Xuân',19446808,'c3eb9979-c790-4002-9fb6-fc7c808d26e7'),('2e447763-d00e-4534-9d52-e95005df8d11',NULL,'Phường Bắc Nha Trang',12.3193417,109.1794029,'Phường Bắc Nha Trang',16203955,'6dc7c2ee-e36e-40e1-9b1a-b223882678ce'),('2f01c77e-b50a-4ec5-b915-d660a0f25008',NULL,'Phường Từ Liêm',21.0218396,105.7730426,'Phường Từ Liêm',19338313,'6c472978-1cb4-4be0-8e6a-505f6a9e6256'),('2f2cb599-219c-4536-9210-fb1b4a3a6b0e',NULL,'Xã Vĩnh Hải',9.3722727,106.1326838,'Xã Vĩnh Hải',15587702,'7b8e0708-09e4-40d7-943c-6f68d689d032'),('2f3674a1-03f1-4cb7-b023-479d01c23deb',NULL,'Phường Lái Thiêu',10.9064535,106.6968979,'Phường Lái Thiêu',13470501,'1fd466ee-4df8-4822-8d94-c49102f5343e'),('3042fea6-3e65-4fa0-8824-b2754ca0b3bf',NULL,'Phường Tân Đông Hiệp',10.9436589,106.7736775,'Phường Tân Đông Hiệp',13420411,'1fd466ee-4df8-4822-8d94-c49102f5343e'),('30f063ec-821a-4bbe-a3d6-c753cf72dd70',NULL,'Phường Phước Thắng',10.4250294,107.1648670,'Phường Phước Thắng',3610170,'1fd466ee-4df8-4822-8d94-c49102f5343e'),('315c37bf-9895-40be-af79-281d802e27f2',NULL,'Phường Cẩm Lệ',16.0156850,108.1895065,'Phường Cẩm Lệ',13967823,'d9a0836f-de70-4c22-8689-b3e8276e999b'),('31875c65-c316-47ea-9a3c-d92b48d9465e',NULL,'Phường Sơn Trà',16.1171825,108.2738344,'Phường Sơn Trà',13996982,'d9a0836f-de70-4c22-8689-b3e8276e999b'),('32029848-4f5d-4f55-8d88-df478451dc95',NULL,'Xã Đồng Lộc',18.3875299,105.7152423,'Xã Đồng Lộc',19446831,'c3eb9979-c790-4002-9fb6-fc7c808d26e7'),('3214f4ab-bac5-4cd1-8dde-452a4652de47',NULL,'Xã Trung Giã',21.3315062,105.8421948,'Xã Trung Giã',19338089,'6c472978-1cb4-4be0-8e6a-505f6a9e6256'),('32255ff1-0ab8-496a-ae0b-eb660c195706',NULL,'Xã Lãnh Ngọc',15.4439300,108.2076575,'Xã Lãnh Ngọc',19337527,'d9a0836f-de70-4c22-8689-b3e8276e999b'),('322c3239-269c-49bc-9c31-833f70bc99bb',NULL,'Xã Tam Mỹ',15.3674564,108.5444533,'Xã Tam Mỹ',19337504,'d9a0836f-de70-4c22-8689-b3e8276e999b'),('32836f03-bb1e-4657-925d-ba2d0276cb12',NULL,'Phường Tân Uyên',11.0914018,106.8182424,'Phường Tân Uyên',13477425,'1fd466ee-4df8-4822-8d94-c49102f5343e'),('32c7cfb0-359d-4857-86b6-980cfebebdf9',NULL,'Xã Quảng Oai',21.1776827,105.4248624,'Xã Quảng Oai',19514785,'6c472978-1cb4-4be0-8e6a-505f6a9e6256'),('331e9037-330b-42e5-9a53-4f8e1766b90d',NULL,'Xã Phước Năng',15.3698924,107.7274770,'Xã Phước Năng',19337517,'d9a0836f-de70-4c22-8689-b3e8276e999b'),('33fc0792-dcd6-48ba-93ce-f5ea2383ddd1',NULL,'Phường Ngã Năm',9.5815070,105.6122137,'Phường Ngã Năm',15585703,'7b8e0708-09e4-40d7-943c-6f68d689d032'),('3455f4cd-94b5-492f-a57d-55586df5c375',NULL,'Xã An Thới Đông',10.5031964,106.8076217,'Xã An Thới Đông',7468178,'1fd466ee-4df8-4822-8d94-c49102f5343e'),('34f15ea7-1dbe-419f-925e-1e2c325b1ef7',NULL,'Xã Bình Lợi',10.7523092,106.5184670,'Xã Bình Lợi',7462676,'1fd466ee-4df8-4822-8d94-c49102f5343e'),('350198d5-34cd-4002-865e-8cc5ce8da63a',NULL,'Xã Bình Chánh',10.6729929,106.5863644,'Xã Bình Chánh',7462674,'1fd466ee-4df8-4822-8d94-c49102f5343e'),('354031c7-4775-4acc-a6e5-cc8101860077',NULL,'Xã Đại Xuyên',20.6971899,105.9530601,'Xã Đại Xuyên',19411385,'6c472978-1cb4-4be0-8e6a-505f6a9e6256'),('36434227-366e-47c5-b8c3-254fca3bc830',NULL,'Xã Cẩm Bình',18.2924044,105.9453176,'Xã Cẩm Bình',19446841,'c3eb9979-c790-4002-9fb6-fc7c808d26e7'),('36629f95-bdc1-406d-bdb5-8b878964919d',NULL,'Xã Ngọc Hồi',20.9122696,105.8344644,'Xã Ngọc Hồi',19437094,'6c472978-1cb4-4be0-8e6a-505f6a9e6256'),('366e2c0b-0e8b-4173-80c6-1448e2d1ebb0',NULL,'Phường Ninh Chử',11.6006462,109.0229506,'Phường Ninh Chử',16075211,'6dc7c2ee-e36e-40e1-9b1a-b223882678ce'),('36a19da9-fa76-4e1d-b5a9-8aaacfade6cf',NULL,'Phường Việt Hưng',21.0628509,105.9053535,'Phường Việt Hưng',19301117,'6c472978-1cb4-4be0-8e6a-505f6a9e6256'),('37ddc76f-8d1e-4824-8f74-00022ea2880b',NULL,'Xã Suối Hiệp',12.2055417,109.0500502,'Xã Suối Hiệp',19395753,'6dc7c2ee-e36e-40e1-9b1a-b223882678ce'),('3855f2e3-4abc-4640-b920-9bf1358d955d',NULL,'Phường Long Bình',10.8622289,106.8293268,'Phường Long Bình',7342307,'1fd466ee-4df8-4822-8d94-c49102f5343e'),('386435ef-97fa-4a2c-9eb2-0774c252c6db',NULL,'Phường An Bình',10.0091914,105.7184094,'Phường An Bình',13512619,'7b8e0708-09e4-40d7-943c-6f68d689d032'),('3866f5bf-b5a6-4936-af8b-4fcd58bc2081',NULL,'Phường Bình Tân',10.7930799,106.5855059,'Phường Bình Tân',6915940,'1fd466ee-4df8-4822-8d94-c49102f5343e'),('38a04cea-5ef8-46ac-a084-9829c89dbcc4',NULL,'Phường Tân Thuận',10.7576088,106.7342928,'Phường Tân Thuận',2766956,'1fd466ee-4df8-4822-8d94-c49102f5343e'),('39514ce4-6b66-49bb-a0aa-ef80f1ba8b52',NULL,'Xã Việt Xuyên',18.3699913,105.8057546,'Xã Việt Xuyên',19446785,'c3eb9979-c790-4002-9fb6-fc7c808d26e7'),('395e7e84-315a-4e22-903f-344cb9cc6f53',NULL,'Xã Long Sơn',10.4489753,107.0979942,'Xã Long Sơn',3610360,'1fd466ee-4df8-4822-8d94-c49102f5343e'),('396d0b23-be9d-457f-bb2a-6fcf7efbfa07',NULL,'Xã Vị Thanh 1',9.8559674,105.5266398,'Xã Vị Thanh 1',14913489,'7b8e0708-09e4-40d7-943c-6f68d689d032'),('39e0c9c1-3a5e-497b-beb9-8c9bda242d3d',NULL,'Xã Yên Xuân',20.9738047,105.4610311,'Xã Yên Xuân',19514768,'6c472978-1cb4-4be0-8e6a-505f6a9e6256'),('3a104721-990e-4b22-8171-b14bc1da19fe',NULL,'Xã Liêu Tú',9.4804646,106.0913708,'Xã Liêu Tú',7149406,'7b8e0708-09e4-40d7-943c-6f68d689d032'),('3a4fee78-b5e2-41a8-a25a-1b784686d2b5',NULL,'Xã Dân Hòa',20.8107421,105.7880129,'Xã Dân Hòa',19514795,'6c472978-1cb4-4be0-8e6a-505f6a9e6256'),('3ad4cb32-128c-47d0-b604-ae31d14e0276',NULL,'Xã Đông Giang',15.9301492,107.6632545,'Xã Đông Giang',19337542,'d9a0836f-de70-4c22-8689-b3e8276e999b'),('3b2ab22f-e8fc-41a8-86da-aabdb6de4b7e',NULL,'Đặc khu Côn Đảo',8.6785105,106.4158373,'Đặc khu Côn Đảo',3612628,'1fd466ee-4df8-4822-8d94-c49102f5343e'),('3b8eccf0-9363-463d-868b-eb91ee2de2d9',NULL,'Xã Sóc Sơn',21.2453285,105.8467425,'Xã Sóc Sơn',19338087,'6c472978-1cb4-4be0-8e6a-505f6a9e6256'),('3ba50b55-6a8d-4b35-b827-eec4ec7cd960',NULL,'Xã Thạnh Mỹ',15.7557982,107.7696405,'Xã Thạnh Mỹ',19337493,'d9a0836f-de70-4c22-8689-b3e8276e999b'),('3bd23db5-d504-456f-a888-036c6667bb05',NULL,'Xã Diên Lạc',12.2503378,109.0567272,'Xã Diên Lạc',19395752,'6dc7c2ee-e36e-40e1-9b1a-b223882678ce'),('3c30a7fa-a87c-405d-878a-7923a0fbfcd0',NULL,'Xã Cà Ná',11.3522079,108.9024054,'Xã Cà Ná',17609703,'6dc7c2ee-e36e-40e1-9b1a-b223882678ce'),('3c4c0efc-95e4-4328-80d9-228e6920d813',NULL,'Xã Sông Kôn',15.9771809,107.7883195,'Xã Sông Kôn',19337509,'d9a0836f-de70-4c22-8689-b3e8276e999b'),('3ccf7a58-ad45-4fc9-b81f-2c496144866f',NULL,'Phường Hạnh Thông',10.8222282,106.6834401,'Phường Hạnh Thông',19261093,'1fd466ee-4df8-4822-8d94-c49102f5343e'),('3cd14bb2-9a79-4c97-9a07-157a4f623206',NULL,'Xã Xuân Thới Sơn',10.8881781,106.5509112,'Xã Xuân Thới Sơn',7638253,'1fd466ee-4df8-4822-8d94-c49102f5343e'),('3cfd9987-d178-4d5c-909d-3a0f632b69d2',NULL,'Phường Phú Thượng',21.0840462,105.8035075,'Phường Phú Thượng',19335056,'6c472978-1cb4-4be0-8e6a-505f6a9e6256'),('3da333f2-e770-440a-a99b-f8525a836cab',NULL,'Xã Cẩm Xuyên',18.2170299,105.9840066,'Xã Cẩm Xuyên',19446836,'c3eb9979-c790-4002-9fb6-fc7c808d26e7'),('3daaca04-ddf3-4b51-af44-b728c94baf24',NULL,'Xã Gia Lâm',21.0021882,105.9477591,'Xã Gia Lâm',19317430,'6c472978-1cb4-4be0-8e6a-505f6a9e6256'),('3dab382a-42b8-4d27-a269-f398a24a02a8',NULL,'Phường Phú Xuân',16.4794357,107.5744720,'Phường Phú Xuân',19324115,'724bca6c-ef1b-45ed-8521-85db25a110aa'),('3fccfe7a-afe5-4a63-9fbd-9ef576078cea',NULL,'Phường Tân Lộc',10.2462806,105.5698153,'Phường Tân Lộc',9590585,'7b8e0708-09e4-40d7-943c-6f68d689d032'),('40260633-26de-4cfa-ac92-9d91c3edf1b3',NULL,'Xã Tu Bông',12.7687101,109.2728365,'Xã Tu Bông',19395744,'6dc7c2ee-e36e-40e1-9b1a-b223882678ce'),('40f8cf16-5551-4439-964d-1abe872e8995',NULL,'Xã Thường Tân',11.1048502,106.9019219,'Xã Thường Tân',15071235,'1fd466ee-4df8-4822-8d94-c49102f5343e'),('41000596-4d68-4940-b5b1-9b20e04519a7',NULL,'Phường Yên Sở',20.9548677,105.8593413,'Phường Yên Sở',19338317,'6c472978-1cb4-4be0-8e6a-505f6a9e6256'),('419d7af6-8e02-459d-8cfb-5c3b31241c5f',NULL,'Xã Thạnh Phú',10.1294469,105.4055149,'Xã Thạnh Phú',7148173,'7b8e0708-09e4-40d7-943c-6f68d689d032'),('41b306b9-2aa9-475c-b206-29b548a49056',NULL,'Xã Thạnh Thới An',9.4823695,106.0105137,'Xã Thạnh Thới An',15657854,'7b8e0708-09e4-40d7-943c-6f68d689d032'),('4217b1e5-4634-4ce7-b262-64cdcb470a43',NULL,'Xã Bàu Bàng',11.2732140,106.6259094,'Xã Bàu Bàng',15044266,'1fd466ee-4df8-4822-8d94-c49102f5343e'),('42377d8d-b5bd-4c39-88b6-7555c3d15d2a',NULL,'Phường Hương An',16.4757595,107.5337822,'Phường Hương An',19324111,'724bca6c-ef1b-45ed-8521-85db25a110aa'),('42c3fa18-b544-4628-8936-5c5fd9bf5386',NULL,'Xã Tây Giang',15.8759024,107.4950535,'Xã Tây Giang',19337501,'d9a0836f-de70-4c22-8689-b3e8276e999b'),('4373404a-6324-491e-8168-6aa0cbadfb43',NULL,'Phường An Cựu',16.4362207,107.6075310,'Phường An Cựu',19324112,'724bca6c-ef1b-45ed-8521-85db25a110aa'),('438fca4f-2c4e-4306-9155-f14fb8d8166a',NULL,'Xã Trà Tân',15.2564580,108.1985885,'Xã Trà Tân',19337483,'d9a0836f-de70-4c22-8689-b3e8276e999b'),('43c24e2c-f181-4eb1-bcae-e7af47a2beff',NULL,'Phường Hoàn Kiếm',21.0326184,105.8513739,'Phường Hoàn Kiếm',19331651,'6c472978-1cb4-4be0-8e6a-505f6a9e6256'),('43ff8aea-5089-4e5c-964a-64db63f3dd93',NULL,'Xã Mỹ Phước',9.5908201,105.7299687,'Xã Mỹ Phước',15664502,'7b8e0708-09e4-40d7-943c-6f68d689d032'),('442156d7-f6e0-4f56-922e-dcb38fdbf122',NULL,'Xã Vân Đình',20.7362081,105.7583895,'Xã Vân Đình',19514792,'6c472978-1cb4-4be0-8e6a-505f6a9e6256'),('446a43cb-dafb-4693-8ba0-c6dcee327eb6',NULL,'Xã Can Lộc',18.4844040,105.7684687,'Xã Can Lộc',19446835,'c3eb9979-c790-4002-9fb6-fc7c808d26e7'),('44735936-7e5c-4656-84a5-3fca26a23bf2',NULL,'Phường Điện Bàn Bắc',15.9303969,108.1856035,'Phường Điện Bàn Bắc',19337546,'d9a0836f-de70-4c22-8689-b3e8276e999b'),('447ad4df-25d1-4a42-8273-d0a7e7cb7c80',NULL,'Phường Vũng Tàu',10.3538299,107.0779515,'Phường Vũng Tàu',3610162,'1fd466ee-4df8-4822-8d94-c49102f5343e'),('447f6c46-9108-40e5-9d10-368423d5d7ca',NULL,'Xã Phú Hòa Đông',10.9887838,106.5705286,'Xã Phú Hòa Đông',7627379,'1fd466ee-4df8-4822-8d94-c49102f5343e'),('449d7c21-8b39-4f75-963c-56765ba52775',NULL,'Phường Ngọc Hà',21.0392670,105.8167563,'Phường Ngọc Hà',19332320,'6c472978-1cb4-4be0-8e6a-505f6a9e6256'),('45a28a49-6eb9-4549-b88c-3ebb166b31bc',NULL,'Phường Hương Thủy',16.4024098,107.6934055,'Phường Hương Thủy',19325232,'724bca6c-ef1b-45ed-8521-85db25a110aa'),('45ba886a-da98-40e2-8798-a2f39083ec81',NULL,'Phường Hòa Khánh',16.0553006,108.1312944,'Phường Hòa Khánh',14651840,'d9a0836f-de70-4c22-8689-b3e8276e999b'),('4658056d-1c0f-4799-b0a9-0e2d7cd8490f',NULL,'Xã Sơn Đồng',21.0273171,105.7011520,'Xã Sơn Đồng',19437091,'6c472978-1cb4-4be0-8e6a-505f6a9e6256'),('4659a8f4-1259-4980-b48a-68beeaf6171f',NULL,'Xã Điện Bàn Tây',15.8891410,108.1787065,'Xã Điện Bàn Tây',19337544,'d9a0836f-de70-4c22-8689-b3e8276e999b'),('46a718a7-a532-430a-86bf-83aed5ad508b',NULL,'Xã Vu Gia',15.8542860,108.0639450,'Xã Vu Gia',19337479,'d9a0836f-de70-4c22-8689-b3e8276e999b'),('46a8b09c-0794-4f80-9f62-5f63b2e30e17',NULL,'Xã Hiệp Hưng',9.7609394,105.7410431,'Xã Hiệp Hưng',11678981,'7b8e0708-09e4-40d7-943c-6f68d689d032'),('47713150-85f9-4306-b07d-3af819b16560',NULL,'Phường Bình Đông',10.7163792,106.6301453,'Phường Bình Đông',19260927,'1fd466ee-4df8-4822-8d94-c49102f5343e'),('478eb019-2b13-4ba8-890f-64dae7a85a8d',NULL,'Xã Gia Hanh',18.4338862,105.6999343,'Xã Gia Hanh',19446824,'c3eb9979-c790-4002-9fb6-fc7c808d26e7'),('47bf41d6-43dd-46e6-9b1b-e9962a4b6fee',NULL,'Xã Thiên Cầm',18.2691717,106.0661459,'Xã Thiên Cầm',19446792,'c3eb9979-c790-4002-9fb6-fc7c808d26e7'),('47e07b96-0792-4402-a0c9-f11c00da5291',NULL,'Xã Vinh Lộc',16.3615959,107.8763503,'Xã Vĩnh Lộc',19325209,'724bca6c-ef1b-45ed-8521-85db25a110aa'),('48194ef0-e76d-4e2b-b72e-a7c302796d71',NULL,'Xã Thạch Khê',18.4196424,105.9425714,'Xã Thạch Khê',19446795,'c3eb9979-c790-4002-9fb6-fc7c808d26e7'),('49bfb34a-2139-4e61-ab2b-68f0c343b31c',NULL,'Xã Phong Điền',10.0215569,105.6687523,'Xã Phong Điền',13514903,'7b8e0708-09e4-40d7-943c-6f68d689d032'),('4aad8e12-5871-4ddb-aebb-87e10cc57218',NULL,'Xã Ba Vì',21.0606934,105.3408383,'Xã Ba Vì',19514782,'6c472978-1cb4-4be0-8e6a-505f6a9e6256'),('4ad696d8-42e3-45f7-8801-0766cd71256d',NULL,'Xã Hương Sơn',18.5121869,105.4602695,'Xã Hương Sơn',19446817,'c3eb9979-c790-4002-9fb6-fc7c808d26e7'),('4bd2458f-adab-4c0c-b9e5-e4478e35ed33',NULL,'Xã Tây Phương',21.0401507,105.6114560,'Xã Tây Phương',19514773,'6c472978-1cb4-4be0-8e6a-505f6a9e6256'),('4be315d1-7852-49b6-b206-e88fc25f8dab',NULL,'Xã La Êê',15.6595575,107.3480249,'Xã La Êê',19337528,'d9a0836f-de70-4c22-8689-b3e8276e999b'),('4d209010-32db-4da8-bb1a-494c56266f99',NULL,'Xã Xuân Mai',20.8612230,105.5967127,'Xã Xuân Mai',19446386,'6c472978-1cb4-4be0-8e6a-505f6a9e6256'),('4d45de5e-4726-4b8b-a331-79ab31d586d1',NULL,'Phường Đông Hải',11.5565655,109.0166211,'Phường Đông Hải',16074980,'6dc7c2ee-e36e-40e1-9b1a-b223882678ce'),('4dc5a209-c50f-43d6-9808-cccae0c5ace6',NULL,'Xã Mỹ Sơn',11.7179381,108.8789945,'Xã Mỹ Sơn',17609716,'6dc7c2ee-e36e-40e1-9b1a-b223882678ce'),('4e5fc8cd-e8c4-4c82-a71a-97f60133b86e',NULL,'Phường Đông Hòa',10.8939951,106.8044534,'Phường Đông Hòa',3870770,'1fd466ee-4df8-4822-8d94-c49102f5343e'),('4e71291b-2bd7-4e54-a834-7501e4322c53',NULL,'Xã Dầu Tiếng',11.3307578,106.3999796,'Xã Dầu Tiếng',15328440,'1fd466ee-4df8-4822-8d94-c49102f5343e'),('4e86ccda-13d6-43db-8ee6-756c9ab3eb8b',NULL,'Xã Chân Mây - Lăng Cô',16.2617642,108.0526454,'Xã Chân Mây - Lăng Cô',19325212,'724bca6c-ef1b-45ed-8521-85db25a110aa'),('4ed8a841-fd9f-4d6a-84b9-781180445f37',NULL,'Phường Tân Hiệp',11.0618483,106.7457922,'Phường Tân Hiệp',13477545,'1fd466ee-4df8-4822-8d94-c49102f5343e'),('4f563d4f-d46e-44cf-96a0-283e062381fd',NULL,'Phường Tam Kỳ',15.5573030,108.4794325,'Phường Tam Kỳ',19337505,'d9a0836f-de70-4c22-8689-b3e8276e999b'),('50263109-9921-4ec6-a162-2af90448d74a',NULL,'Xã Vị Thủy',9.7613327,105.5351293,'Xã Vị Thủy',14913491,'7b8e0708-09e4-40d7-943c-6f68d689d032'),('5067a04f-701f-4e01-942f-a3000aa76987',NULL,'Xã Cần Giờ',10.4452407,106.9258220,'Xã Cần Giờ',7468177,'1fd466ee-4df8-4822-8d94-c49102f5343e'),('506a69b8-bdce-4ed0-9bfe-0c4ff14ad839',NULL,'Phường Dĩ An',10.9003612,106.7643965,'Phường Dĩ An',8448992,'1fd466ee-4df8-4822-8d94-c49102f5343e'),('51215653-c333-4c84-a726-f5a75f3c79a9',NULL,'Xã Cẩm Lạc',18.1596898,106.0897140,'Xã Cẩm Lạc',19446838,'c3eb9979-c790-4002-9fb6-fc7c808d26e7'),('515a93e8-0cf9-4e52-ae58-47b325c64416',NULL,'Phường Tam Bình',10.8707708,106.7321970,'Phường Tam Bình',7144243,'1fd466ee-4df8-4822-8d94-c49102f5343e'),('518f6fe1-3cc7-4b7d-8130-61f14dd63e76',NULL,'Phường Đại Thành',9.8420882,105.8168117,'Phường Đại Thành',10151347,'7b8e0708-09e4-40d7-943c-6f68d689d032'),('5193ea18-e7cf-4698-9959-a2ef5352a869',NULL,'Phường Vĩnh Châu',9.3502321,106.0337993,'Phường Vĩnh Châu',15587606,'7b8e0708-09e4-40d7-943c-6f68d689d032'),('51e7e864-579c-4dfa-b9c2-b56c8d02ee62',NULL,'Phường Thạnh Mỹ Tây',10.7998476,106.7168196,'Phường Thạnh Mỹ Tây',19260956,'1fd466ee-4df8-4822-8d94-c49102f5343e'),('5200541a-65d7-4168-87d3-11f1edad5317',NULL,'Xã Kế Sách',9.7755526,105.9516412,'Xã Kế Sách',15661139,'7b8e0708-09e4-40d7-943c-6f68d689d032'),('522eb61a-87af-483e-a35a-728b11b440bd',NULL,'Xã Long Hòa',11.3275013,106.5120265,'Xã Long Hòa',15328437,'1fd466ee-4df8-4822-8d94-c49102f5343e'),('525371fe-5942-43e7-9c97-a0883d58e850',NULL,'Xã Thăng Phú',15.6371420,108.3431535,'Xã Thăng Phú',19337496,'d9a0836f-de70-4c22-8689-b3e8276e999b'),('52a27be1-0075-45ae-a2b8-f21176de20c0',NULL,'Xã Củ Chi',10.9615592,106.5357863,'Xã Củ Chi',7629287,'1fd466ee-4df8-4822-8d94-c49102f5343e'),('532190fb-b036-4015-b542-9c7c8a415e3f',NULL,'Phường Thới An Đông',10.0852891,105.7013956,'Phường Thới An Đông',13514289,'7b8e0708-09e4-40d7-943c-6f68d689d032'),('538a5f28-5b65-49c8-b36d-79aae768626a',NULL,'Xã Phú Tâm',9.7180216,105.9420046,'Xã Phú Tâm',15661436,'7b8e0708-09e4-40d7-943c-6f68d689d032'),('53b65267-6eba-49f2-88f3-dfaf8831c412',NULL,'Xã Kim Long',10.6738510,107.2147844,'Xã Kim Long',8121764,'1fd466ee-4df8-4822-8d94-c49102f5343e'),('53bef724-ce58-4285-9fff-469ac998f017',NULL,'Xã Vũ Quang',18.3013495,105.4373691,'Xã Vũ Quang',19446784,'c3eb9979-c790-4002-9fb6-fc7c808d26e7'),('5479c9d0-a950-4e65-8a7a-4d69c821d604',NULL,'Xã Sơn Tây',18.4526488,105.2969827,'Xã Sơn Tây',19446798,'c3eb9979-c790-4002-9fb6-fc7c808d26e7'),('553a2902-73ca-4059-a80c-04c2da06369d',NULL,'Xã Bất Bạt',21.1594382,105.3327673,'Xã Bất Bạt',19514784,'6c472978-1cb4-4be0-8e6a-505f6a9e6256'),('55a6cd82-8241-4eac-a71f-e3e142f00b6e',NULL,'Xã Đông Thuận',10.0172941,105.4654130,'Xã Đông Thuận',13556233,'7b8e0708-09e4-40d7-943c-6f68d689d032'),('560fb094-0cea-4058-83c5-6f5bb975969c',NULL,'Xã Xuân Hải',11.6490516,108.9977801,'Xã Xuân Hải',17606321,'6dc7c2ee-e36e-40e1-9b1a-b223882678ce'),('56b3205b-63ed-43b8-a92e-10f1111dfabd',NULL,'Xã Hồng Sơn',20.7159613,105.7163204,'Xã Hồng Sơn',19514791,'6c472978-1cb4-4be0-8e6a-505f6a9e6256'),('56fb796b-0abe-4d9a-8acc-0a330fdc25d7',NULL,'Xã Bắc Ninh Hòa',12.6207989,109.0984305,'Xã Bắc Ninh Hòa',17082270,'6dc7c2ee-e36e-40e1-9b1a-b223882678ce'),('570d50db-0103-4b10-955c-414421819778',NULL,'Xã Hồ Đắc Kiện',9.7024762,105.8513644,'Xã Hồ Đắc Kiện',15661433,'7b8e0708-09e4-40d7-943c-6f68d689d032'),('570db5e1-680f-47b1-98c9-04eda6f11d69',NULL,'Xã Nhơn Ái',9.9775259,105.6850511,'Xã Nhơn Ái',13556150,'7b8e0708-09e4-40d7-943c-6f68d689d032'),('571871a6-cdad-42ff-a889-abd3575fbfd7',NULL,'Xã Nhu Gia',9.4567098,105.8598617,'Xã Nhu Gia',15665889,'7b8e0708-09e4-40d7-943c-6f68d689d032'),('579e1470-f15e-4def-9c95-f75a9ce0a4d8',NULL,'Xã A Lưới 5',16.1990888,107.3884375,'Xã A Lưới 5',19325218,'724bca6c-ef1b-45ed-8521-85db25a110aa'),('57b1c594-10e0-4139-a0f8-3f72d47b7b6c',NULL,'Xã Hỏa Lựu',9.7184939,105.3943577,'Xã Hỏa Lựu',14908441,'7b8e0708-09e4-40d7-943c-6f68d689d032'),('57e3ecdb-d909-4d51-ac0a-09986edd1a7f',NULL,'Xã Thạch Lạc',18.3564395,105.9565472,'Xã Thạch Lạc',19446794,'c3eb9979-c790-4002-9fb6-fc7c808d26e7'),('589c45e8-f248-4d51-8f27-fed21095b61c',NULL,'Phường Bến Thành',10.7714316,106.6936331,'Phường Bến Thành',19260503,'1fd466ee-4df8-4822-8d94-c49102f5343e'),('59735992-c7f7-4a8e-84f8-0d0cdf91d7da',NULL,'Phường Vườn Lài',10.7688402,106.6749545,'Phường Vườn Lài',19260770,'1fd466ee-4df8-4822-8d94-c49102f5343e'),('5a2bee8a-7932-49b6-b4ca-988104e4a165',NULL,'Phường Thới An',10.8784701,106.6679617,'Phường Thới An',6941014,'1fd466ee-4df8-4822-8d94-c49102f5343e'),('5a3c545e-01ba-4b08-b70c-c613114d2dd9',NULL,'Phường An Nhơn',10.8363432,106.6888256,'Phường An Nhơn',19261092,'1fd466ee-4df8-4822-8d94-c49102f5343e'),('5ab39b65-db01-4a49-88dd-451adb16499c',NULL,'Xã Bắc Tân Uyên',11.1711606,106.8655535,'Xã Bắc Tân Uyên',15071230,'1fd466ee-4df8-4822-8d94-c49102f5343e'),('5ae2aadb-fcbe-4d76-b809-9934911d18e1',NULL,'Phường Tân Khánh',10.9993284,106.7497328,'Phường Tân Khánh',13477540,'1fd466ee-4df8-4822-8d94-c49102f5343e'),('5b1e47cf-bcb4-4314-88c1-cea96fbcd757',NULL,'Phường Kim Liên',21.0060022,105.8308058,'Phường Kim Liên',19331656,'6c472978-1cb4-4be0-8e6a-505f6a9e6256'),('5baeb1c2-4a84-4b16-a887-d88bbec74a40',NULL,'Xã Châu Pha',10.5808671,107.1252078,'Xã Châu Pha',8051119,'1fd466ee-4df8-4822-8d94-c49102f5343e'),('5bd731b2-f76d-441a-932e-10c6bd760c1b',NULL,'Phường Bình Thới',10.7636892,106.6427374,'Phường Bình Thới',19260759,'1fd466ee-4df8-4822-8d94-c49102f5343e'),('5cf4d467-0443-4986-876f-42c57191d8a5',NULL,'Phường Liên Chiểu',16.0884592,108.0977965,'Phường Liên Chiểu',15848509,'d9a0836f-de70-4c22-8689-b3e8276e999b'),('5dc3a8c7-f99b-4f54-8b44-93d1788a7753',NULL,'Xã Thượng Phúc',20.8296246,105.8587663,'Xã Thượng Phúc',19411381,'6c472978-1cb4-4be0-8e6a-505f6a9e6256'),('5df7292e-0860-4ca0-bc1c-2022383d7853',NULL,'Xã Ninh Hải',11.6649911,109.0794205,'Xã Ninh Hải',19395763,'6dc7c2ee-e36e-40e1-9b1a-b223882678ce'),('5e41e431-c167-4353-9d7f-0e1e37df5cbf',NULL,'Xã Thới Hưng',10.1295061,105.5125718,'Xã Thới Hưng',7148174,'7b8e0708-09e4-40d7-943c-6f68d689d032'),('5f281427-aab6-43cb-a009-55145ba31f49',NULL,'Xã Bà Điểm',10.8515028,106.5720951,'Xã Bà Điểm',7638094,'1fd466ee-4df8-4822-8d94-c49102f5343e'),('5f959adb-a1bf-41e3-8f1c-6b5b3081e156',NULL,'Xã Ứng Thiên',20.7731008,105.7559091,'Xã Ứng Thiên',19514794,'6c472978-1cb4-4be0-8e6a-505f6a9e6256'),('60033697-92a4-4ae1-ac0e-b87c3ca1f9ea',NULL,'Xã A Lưới 4',16.1536588,107.3546781,'Xã A Lưới 4',19325219,'724bca6c-ef1b-45ed-8521-85db25a110aa'),('6020b43f-fa4a-4ee7-b3f9-37f7e0489001',NULL,'Xã Mai Phụ',18.4396255,105.8825350,'Xã Mai Phụ',19446805,'c3eb9979-c790-4002-9fb6-fc7c808d26e7'),('6091695a-4458-40d7-b23a-b6257e6d1ca4',NULL,'Phường Phú An',11.0485349,106.6019769,'Phường Phú An',13477595,'1fd466ee-4df8-4822-8d94-c49102f5343e'),('60a6d8dc-4dd0-4f8d-ab27-9320ff415b62',NULL,'Xã Sơn Hồng',18.5634497,105.2359503,'Xã Sơn Hồng',19446801,'c3eb9979-c790-4002-9fb6-fc7c808d26e7'),('612ebac6-6188-4609-8c61-813ce9aee148',NULL,'Phường Thuận Hóa',16.4542107,107.5775732,'Phường Thuận Hoá',19324114,'724bca6c-ef1b-45ed-8521-85db25a110aa'),('612ebc12-2d90-4cb3-87f7-a15901ddcaa1',NULL,'Xã A Lưới 2',16.2536815,107.2044804,'Xã A Lưới 2',19325221,'724bca6c-ef1b-45ed-8521-85db25a110aa'),('6135f150-8558-470a-acb0-d46cafaa72f0',NULL,'Xã Phúc Lộc',21.1481503,105.5715080,'Xã Phúc Lộc',19514780,'6c472978-1cb4-4be0-8e6a-505f6a9e6256'),('6333b1e9-08d7-4e4e-a3fb-e9fc1930e301',NULL,'Xã Xuyên Mộc',10.5495324,107.4598328,'Xã Xuyên Mộc',8385623,'1fd466ee-4df8-4822-8d94-c49102f5343e'),('635969b0-2a76-48eb-9b55-0ecba756cd74',NULL,'Xã Phước Hậu',11.6038533,108.8720630,'Xã Phước Hậu',17609713,'6dc7c2ee-e36e-40e1-9b1a-b223882678ce'),('64185f52-b3ee-4505-9806-368455167219',NULL,'Phường Long Mỹ',9.6891121,105.6062509,'Phường Long Mỹ',13570537,'7b8e0708-09e4-40d7-943c-6f68d689d032'),('64b89ae5-6b61-4415-bb7d-35e362110a64',NULL,'Xã Thiên Lộc',21.1258791,105.7708028,'Xã Thiên Lộc',19322848,'6c472978-1cb4-4be0-8e6a-505f6a9e6256'),('64faa628-ca2d-4fe0-8d64-d37105f07314',NULL,'Phường Long Tuyền',10.0447157,105.7299141,'Phường Long Tuyền',13514288,'7b8e0708-09e4-40d7-943c-6f68d689d032'),('650f1b73-1fd9-4d28-951d-af25e0fe0121',NULL,'Xã Mỹ Đức',20.6539935,105.7202051,'Xã Mỹ Đức',19514790,'6c472978-1cb4-4be0-8e6a-505f6a9e6256'),('6570c6fe-035b-4a30-9c47-1fc322f1f65a',NULL,'Xã Việt An',15.5679405,108.1790155,'Xã Việt An',19337480,'d9a0836f-de70-4c22-8689-b3e8276e999b'),('65b77403-8f5d-4408-966f-99712f327f44',NULL,'Xã Đức Thọ',18.5029424,105.5783525,'Xã Đức Thọ',19446825,'c3eb9979-c790-4002-9fb6-fc7c808d26e7'),('664fc250-8776-4e15-8829-f45f254880c5',NULL,'Xã Bình Điền',16.3576405,107.4414244,'Xã Bình Điền',19325230,'724bca6c-ef1b-45ed-8521-85db25a110aa'),('666cf61c-36a0-4521-9a73-7e35be0611b8',NULL,'Xã Hưng Long',10.6590838,106.6457341,'Xã Hưng Long',7462678,'1fd466ee-4df8-4822-8d94-c49102f5343e'),('66995ee8-b601-417b-a8aa-4848468c8f58',NULL,'Phường Yên Hòa',21.0141802,105.7965145,'Phường Yên Hòa',19335052,'6c472978-1cb4-4be0-8e6a-505f6a9e6256'),('66dffee5-b14d-4fc0-8a83-a396c2f3f932',NULL,'Phường Đông Ngạc',21.0762772,105.7719781,'Phường Đông Ngạc',19338320,'6c472978-1cb4-4be0-8e6a-505f6a9e6256'),('678c8061-c670-4803-8d07-6b34d3d1911b',NULL,'Xã Thường Tín',20.8700435,105.8442808,'Xã Thường Tín',19411380,'6c472978-1cb4-4be0-8e6a-505f6a9e6256'),('67a3f51a-3273-4de1-bf6a-c19231b3f8da',NULL,'Xã Yên Bài',21.0581510,105.4229413,'Xã Yên Bài',19514775,'6c472978-1cb4-4be0-8e6a-505f6a9e6256'),('67f22068-0d03-4aea-8891-8f8ca5c9821f',NULL,'Xã Lộc An',16.2727625,107.7925720,'Xã Lộc An',19325210,'724bca6c-ef1b-45ed-8521-85db25a110aa'),('682010fe-789e-4d00-9cdc-e2b8c340fb09',NULL,'Phường Bình Quới',10.8219239,106.7328669,'Phường Bình Quới',19260957,'1fd466ee-4df8-4822-8d94-c49102f5343e'),('6885bded-1abd-4e81-a4db-b83ede1773a9',NULL,'Xã Hương Khê',18.1509888,105.6085723,'Xã Hương Khê',19446819,'c3eb9979-c790-4002-9fb6-fc7c808d26e7'),('68af737f-6753-4616-96c3-6f73b71e0951',NULL,'Xã Thạnh Bình',15.4395140,108.3207971,'Xã Thạnh Bình',19337494,'d9a0836f-de70-4c22-8689-b3e8276e999b'),('68b57d0f-7ee0-489d-8965-5db89077191f',NULL,'Đặc khu Trường Sa',9.6631495,113.1634952,'Đặc khu Trường Sa',3479413,'6dc7c2ee-e36e-40e1-9b1a-b223882678ce'),('68f6ad0a-db70-4d94-b2a0-db07ef9eb7ac',NULL,'Xã Tùng Lộc',18.4921118,105.8066938,'Xã Tùng Lộc',19446786,'c3eb9979-c790-4002-9fb6-fc7c808d26e7'),('6923585f-70a0-4d90-a4d1-934bc0ffdf0f',NULL,'Phường Chánh Hưng',10.7422522,106.6770848,'Phường Chánh Hưng',19260925,'1fd466ee-4df8-4822-8d94-c49102f5343e'),('697f7349-bd9d-4f77-9dc7-82ca024277e4',NULL,'Xã Tây Ninh Hòa',12.5739642,108.9563890,'Xã Tây Ninh Hòa',17079645,'6dc7c2ee-e36e-40e1-9b1a-b223882678ce'),('69beb78b-cadc-4516-94fd-235a640c93f7',NULL,'Phường Khương Đình',20.9910355,105.8140813,'Phường Khương Đình',19334589,'6c472978-1cb4-4be0-8e6a-505f6a9e6256'),('69cf4694-ddc5-4d58-93c0-bf9eb0de5114',NULL,'Xã Đan Điền',16.5948640,107.4683715,'Xã Đan Điền',19325225,'724bca6c-ef1b-45ed-8521-85db25a110aa'),('6a38abdf-7ae5-48d0-ae19-77a539da2a97',NULL,'Xã Nhuận Đức',11.0304906,106.4969448,'Xã Nhuận Đức',7627377,'1fd466ee-4df8-4822-8d94-c49102f5343e'),('6a701a4e-d460-4aec-b49b-f3ae2721be8d',NULL,'Phường Chánh Hiệp',11.0185026,106.6402879,'Phường Chánh Hiệp',10590955,'1fd466ee-4df8-4822-8d94-c49102f5343e'),('6adf5cb2-b81f-4ff8-af7b-e2670722e550',NULL,'Xã Long Hải',10.4083633,107.2129239,'Xã Long Hải',5485503,'1fd466ee-4df8-4822-8d94-c49102f5343e'),('6be15f1a-dc42-450c-b5b3-0f9c30cd9c4e',NULL,'Phường Cầu Kiệu',10.7982449,106.6850201,'Phường Cầu Kiệu',19261675,'1fd466ee-4df8-4822-8d94-c49102f5343e'),('6bf4759e-d22f-4aeb-b6cb-ce0d3f3164f2',NULL,'Xã Ngọc Tố',9.4743455,105.9380293,'Xã Ngọc Tố',15665896,'7b8e0708-09e4-40d7-943c-6f68d689d032'),('6c132f68-8c7b-41ca-ba93-ed8ebcfd2e74',NULL,'Phường Phú Nhuận',10.7940476,106.6760560,'Phường Phú Nhuận',19261674,'1fd466ee-4df8-4822-8d94-c49102f5343e'),('6c54610a-d011-4aaa-ae9b-cd6d4f904de8',NULL,'Xã Phước Trà',15.4834400,108.0588595,'Xã Phước Trà',19337515,'d9a0836f-de70-4c22-8689-b3e8276e999b'),('6c8d1dbc-d547-4840-af90-760be94040c4',NULL,'Xã Bàu Lâm',10.7371932,107.4279687,'Xã Bàu Lâm',10329654,'1fd466ee-4df8-4822-8d94-c49102f5343e'),('6cbfa76b-25cf-4b65-869b-acd023bfa870',NULL,'Phường Tân Hưng',10.7357264,106.7054606,'Phường Tân Hưng',2766950,'1fd466ee-4df8-4822-8d94-c49102f5343e'),('6ce524c0-f6a8-4cab-bf6d-9f2cbceb08ff',NULL,'Xã Kỳ Hoa',18.0291887,106.2541765,'Xã Kỳ Hoa',19446813,'c3eb9979-c790-4002-9fb6-fc7c808d26e7'),('6d5d2f42-80b1-4eac-a380-77c093050c7b',NULL,'Xã Công Hải',11.7946274,109.0918726,'Xã Công Hải',17606330,'6dc7c2ee-e36e-40e1-9b1a-b223882678ce'),('6d8e85a9-3566-4e94-be55-5964f8a7459d',NULL,'Xã Đông Kinh',18.4305640,105.8133979,'Xã Đông Kinh',19446832,'c3eb9979-c790-4002-9fb6-fc7c808d26e7'),('6d9fc0d2-f10a-4245-955d-93b1aabb5881',NULL,'Xã Lai Hòa',9.2995504,105.8468764,'Xã Lai Hòa',15587701,'7b8e0708-09e4-40d7-943c-6f68d689d032'),('6dae573f-07fd-49a0-bcd3-f36aed143c69',NULL,'Xã Minh Thạnh',11.4439081,106.4686961,'Xã Minh Thạnh',15328433,'1fd466ee-4df8-4822-8d94-c49102f5343e'),('6de39a16-da9f-4ecd-801b-a42f6ee2a34a',NULL,'Xã Mai Hoa',18.4436779,105.5160516,'Xã Mai Hoa',19446806,'c3eb9979-c790-4002-9fb6-fc7c808d26e7'),('6df13f9d-557f-45a1-82d5-e9c590a6252b',NULL,'Xã Hòa An',9.7869038,105.6417734,'Xã Hòa An',14706959,'7b8e0708-09e4-40d7-943c-6f68d689d032'),('6df7cd9d-c165-4370-9517-93c182a6f38b',NULL,'Xã Tân Hiệp',15.8961257,108.5574849,'Xã Tân Hiệp',19337502,'d9a0836f-de70-4c22-8689-b3e8276e999b'),('6e538c3f-439b-459f-942a-63dc00337616',NULL,'Xã Tài Văn',9.5389555,106.0454812,'Xã Tài Văn',15657853,'7b8e0708-09e4-40d7-943c-6f68d689d032'),('6e95e80b-0697-4bfd-b5be-da479fca0764',NULL,'Phường An Khê',16.0402416,108.1792874,'Phường An Khê',13981042,'d9a0836f-de70-4c22-8689-b3e8276e999b'),('6e985efb-d3a7-4f7c-9a07-6e0f3ca62c10',NULL,'Xã Trà Đốc',15.3523245,108.0625600,'Xã Trà Đốc',19337489,'d9a0836f-de70-4c22-8689-b3e8276e999b'),('6edb60cc-a1fd-4ee2-9593-0607e786f52f',NULL,'Xã Nam Cam Ranh',11.8420886,109.1516524,'Xã Nam Cam Ranh',16140246,'6dc7c2ee-e36e-40e1-9b1a-b223882678ce'),('701148e5-e768-4bdf-8453-2dcc05fd5573',NULL,'Xã Hồng Lộc',18.5020373,105.8376782,'Xã Hồng Lộc',19446822,'c3eb9979-c790-4002-9fb6-fc7c808d26e7'),('710582ee-201f-44fe-92fa-ee2b44e42a09',NULL,'Phường Nam Nha Trang',12.1985104,109.1697498,'Phường Nam Nha Trang',16205486,'6dc7c2ee-e36e-40e1-9b1a-b223882678ce'),('71f1b608-124b-4cd3-abff-64bcbbbfe96f',NULL,'Xã Vạn Hưng',12.6510569,109.1637676,'Xã Vạn Hưng',19395747,'6dc7c2ee-e36e-40e1-9b1a-b223882678ce'),('72152a77-573b-45d5-9d78-d41c12b17e01',NULL,'Xã Đông Khánh Sơn',11.9962905,108.9535748,'Xã Đông Khánh Sơn',19395742,'6dc7c2ee-e36e-40e1-9b1a-b223882678ce'),('72510757-9f25-4b5b-9573-47d7c337efe9',NULL,'Xã Thanh Oai',20.8444093,105.7648899,'Xã Thanh Oai',19514796,'6c472978-1cb4-4be0-8e6a-505f6a9e6256'),('728db514-c693-4d2e-a5c2-c02c260d54a0',NULL,'Xã Nhơn Mỹ',9.7656724,106.0242098,'Xã Nhơn Mỹ',15661141,'7b8e0708-09e4-40d7-943c-6f68d689d032'),('733cd0d0-1f65-4752-9613-2d4b5e99be8a',NULL,'Xã La Dêê',15.5534814,107.4500043,'Xã La Dêê',19337529,'d9a0836f-de70-4c22-8689-b3e8276e999b'),('735df42d-2994-4ad6-af4a-36bea0683d5d',NULL,'Xã Đa Phúc',21.2473297,105.9005344,'Xã Đa Phúc',19338088,'6c472978-1cb4-4be0-8e6a-505f6a9e6256'),('738abed5-96ac-43b2-a384-66e181e0f50a',NULL,'Xã Vĩnh Hải',11.6749389,109.1540363,'Xã Vĩnh Hải',17606327,'6dc7c2ee-e36e-40e1-9b1a-b223882678ce'),('740313d3-fdeb-49e4-87f5-3a726dbce7a3',NULL,'Xã Phụng Hiệp',9.8206073,105.7189059,'Xã Phụng Hiệp',13556450,'7b8e0708-09e4-40d7-943c-6f68d689d032'),('75491652-b3bc-4cc4-810b-8461ccc556bc',NULL,'Xã Sơn Kim 1',18.4220640,105.1993095,'Xã Sơn Kim 1',19446800,'c3eb9979-c790-4002-9fb6-fc7c808d26e7'),('756febc0-53eb-4b03-9200-8f81fc385efa',NULL,'Xã Hương Phố',18.2364745,105.7432344,'Xã Hương Phố',19446818,'c3eb9979-c790-4002-9fb6-fc7c808d26e7'),('7582909c-344e-4351-8e08-5c2e22fca54e',NULL,'Xã Trà Tập',15.1403625,108.0540444,'Xã Trà Tập',19337482,'d9a0836f-de70-4c22-8689-b3e8276e999b'),('75ebe881-decb-4866-a912-2ed8c4b6bcf5',NULL,'Phường Tân Tạo',10.7437643,106.5821547,'Phường Tân Tạo',6915944,'1fd466ee-4df8-4822-8d94-c49102f5343e'),('75fb75f7-eb39-4e38-8cd4-e8ab6364b2f8',NULL,'Phường Hòa Hưng',10.7773156,106.6702736,'Phường Hòa Hưng',19260769,'1fd466ee-4df8-4822-8d94-c49102f5343e'),('7620e050-1da3-4322-bcaa-d1b879c2aced',NULL,'Xã Phước Thành',15.3139073,107.8804700,'Xã Phước Thành',19337516,'d9a0836f-de70-4c22-8689-b3e8276e999b'),('76b20e6d-0ee9-4e7b-a5b0-982294edd53e',NULL,'Phường An Đông',10.7549862,106.6714259,'Phường An Đông',19260682,'1fd466ee-4df8-4822-8d94-c49102f5343e'),('76c063fc-8ee5-4fff-8c21-47748aad2dc3',NULL,'Phường Phúc Lợi',21.0413641,105.9166958,'Phường Phúc Lợi',19301116,'6c472978-1cb4-4be0-8e6a-505f6a9e6256'),('76ced6ed-f333-4a00-8b31-8b61953a5061',NULL,'Xã Hà Nha',15.8596387,107.9896810,'Xã Hà Nha',19337537,'d9a0836f-de70-4c22-8689-b3e8276e999b'),('772aa88f-3a1c-4fb4-afa0-f6000626a2d1',NULL,'Phường Tân Định',10.7908166,106.6942174,'Phường Tân Định',19260505,'1fd466ee-4df8-4822-8d94-c49102f5343e'),('77984055-9982-4c4d-b915-f974272e2cef',NULL,'Phường Hải Ninh',18.1173916,106.3273781,'Phường Hải Ninh',19410996,'c3eb9979-c790-4002-9fb6-fc7c808d26e7'),('77a104c7-abc4-48e5-851c-b756c07e3fd7',NULL,'Xã Lâm Sơn',11.8472172,108.7083130,'Xã Lâm Sơn',17609722,'6dc7c2ee-e36e-40e1-9b1a-b223882678ce'),('7841871b-4f06-45c0-a25c-069293f177d2',NULL,'Phường Lĩnh Nam',20.9760123,105.8899186,'Phường Lĩnh Nam',19338318,'6c472978-1cb4-4be0-8e6a-505f6a9e6256'),('78aa33ea-e3c6-401a-afb4-f5927f7e15f7',NULL,'Xã Diên Khánh',12.2427132,109.1078463,'Xã Diên Khánh',19395751,'6dc7c2ee-e36e-40e1-9b1a-b223882678ce'),('78bf3d37-24f9-4204-ab8c-7306b16ee8ae',NULL,'Xã Đồng Dương',15.6471915,108.2794505,'Xã Đồng Dương',19337543,'d9a0836f-de70-4c22-8689-b3e8276e999b'),('78c23c24-ed69-46eb-8832-d8a543942ad7',NULL,'Xã Duy Xuyên',15.7818745,108.2046655,'Xã Duy Xuyên',19337539,'d9a0836f-de70-4c22-8689-b3e8276e999b'),('79758b16-014e-4758-b070-a40c606e57bb',NULL,'Xã Nam Ninh Hòa',12.4139615,109.0734858,'Xã Nam Ninh Hòa',17077329,'6dc7c2ee-e36e-40e1-9b1a-b223882678ce'),('79ff2f4d-ab72-4a50-963f-ad78809708e1',NULL,'Xã Lộc Hà',18.4872192,105.8844254,'Xã Lộc Hà',19446807,'c3eb9979-c790-4002-9fb6-fc7c808d26e7'),('7a03cd66-a346-4c6e-a020-69e5fe98fcfc',NULL,'Xã Quế Sơn Trung',15.7133945,108.2521470,'Xã Quế Sơn Trung',19337511,'d9a0836f-de70-4c22-8689-b3e8276e999b'),('7ad150d0-58d2-4177-9b4a-2ae13af78f8d',NULL,'Xã Bác Ái Đông',11.8688755,108.9623835,'Xã Bác Ái Đông',17606342,'6dc7c2ee-e36e-40e1-9b1a-b223882678ce'),('7c229420-b70e-4776-ae12-9b9dfb9fe728',NULL,'Xã Trường Thành',10.0588746,105.5916455,'Xã Trường Thành',13556290,'7b8e0708-09e4-40d7-943c-6f68d689d032'),('7c2fb0eb-fa38-40cc-8c45-a1cf78fb9555',NULL,'Xã Hồng Vân',20.8799443,105.8907570,'Xã Hồng Vân',19437096,'6c472978-1cb4-4be0-8e6a-505f6a9e6256'),('7c3c5c8e-9dc4-42a0-9546-c977ead96d5b',NULL,'Xã Phước Dinh',11.4386773,108.9739672,'Xã Phước Dinh',17609705,'6dc7c2ee-e36e-40e1-9b1a-b223882678ce'),('7c418ffd-def0-40ca-9dfc-170a7f2c0778',NULL,'Xã Thạnh An',10.5334779,106.9729334,'Xã Thạnh An',7468247,'1fd466ee-4df8-4822-8d94-c49102f5343e'),('7c59ad83-9f00-4b49-8a80-88d051f425ff',NULL,'Xã Quốc Oai',21.0083508,105.6513676,'Xã Quốc Oai',19435863,'6c472978-1cb4-4be0-8e6a-505f6a9e6256'),('7cd0dcc2-b39b-4ff6-b5c1-a76e3c9ecf77',NULL,'Phường Phong Quảng',16.6349942,107.5122616,'Phường Phong Quảng',19325206,'724bca6c-ef1b-45ed-8521-85db25a110aa'),('7d8e0878-2ec5-410a-885e-d7b29c27492f',NULL,'Phường Tăng Nhơn Phú',10.8432954,106.7915555,'Phường Tăng Nhơn Phú',7343271,'1fd466ee-4df8-4822-8d94-c49102f5343e'),('7d9a4fc2-361a-438a-8257-63663870a7be',NULL,'Xã Hưng Đạo',20.9697686,105.6783475,'Xã Hưng Đạo',19435864,'6c472978-1cb4-4be0-8e6a-505f6a9e6256'),('7db7b13b-7121-4861-9b58-4976225a6844',NULL,'Phường Bảy Hiền',10.7931158,106.6485522,'Phường Bảy Hiền',19261236,'1fd466ee-4df8-4822-8d94-c49102f5343e'),('7df2e2fd-ad1f-4bc7-9770-21f8b69b8db6',NULL,'Phường Xóm Chiếu',10.7610967,106.7117439,'Phường Xóm Chiếu',19260588,'1fd466ee-4df8-4822-8d94-c49102f5343e'),('7df2efbb-f1b0-4995-808f-a184f54f2251',NULL,'Phường An Hội Đông',10.8496441,106.6662822,'Phường An Hội Đông',19261095,'1fd466ee-4df8-4822-8d94-c49102f5343e'),('7df394b0-035b-4ff7-8147-81fb77de7d20',NULL,'Xã Duy Nghĩa',15.8417129,108.3513304,'Xã Duy Nghĩa',19337540,'d9a0836f-de70-4c22-8689-b3e8276e999b'),('7e102898-3a32-4642-841c-8ae0c5107bcd',NULL,'Phường Vị Tân',9.7902657,105.4538927,'Phường Vị Tân',14908444,'7b8e0708-09e4-40d7-943c-6f68d689d032'),('7e1e655f-c576-4afb-86e5-1102fa059021',NULL,'Xã Thượng Đức',18.3955587,105.5744956,'Xã Thượng Đức',19446791,'c3eb9979-c790-4002-9fb6-fc7c808d26e7'),('7e88f581-baae-4192-a24e-c36c2e6cdd54',NULL,'Xã Vĩnh Thuận Đông',9.7229013,105.5045856,'Xã Vĩnh Thuận Đông',14920076,'7b8e0708-09e4-40d7-943c-6f68d689d032'),('7e9c25f8-fdd6-4f3c-b959-464e84cce633',NULL,'Phường Nha Trang',12.2236869,109.2762486,'Phường Nha Trang',16203649,'6dc7c2ee-e36e-40e1-9b1a-b223882678ce'),('7ea14814-bd0c-4fb8-86a5-85516685b4f0',NULL,'Phường Quảng Phú',15.6047614,108.5141170,'Phường Quảng Phú',19337514,'d9a0836f-de70-4c22-8689-b3e8276e999b'),('7ead2b29-65f5-49d6-9058-682aa7c07e3a',NULL,'Phường Nhiêu Lộc',10.7846026,106.6744110,'Phường Nhiêu Lộc',19260545,'1fd466ee-4df8-4822-8d94-c49102f5343e'),('7ffaf536-45fc-4bdf-ab74-3039b747491e',NULL,'Phường Sơn Tây',21.1422934,105.4875695,'Phường Sơn Tây',19514781,'6c472978-1cb4-4be0-8e6a-505f6a9e6256'),('809b6ded-fb35-4354-bdbe-0eaed81c1b88',NULL,'Xã Quế Phước',15.6413020,107.9685874,'Xã Quế Phước',19337513,'d9a0836f-de70-4c22-8689-b3e8276e999b'),('811aa4d8-e518-4bf8-9061-3db3a8fa5d13',NULL,'Phường Thuận Giao',10.9621763,106.7083507,'Phường Thuận Giao',13470506,'1fd466ee-4df8-4822-8d94-c49102f5343e'),('813e214f-8177-48a8-b446-b968ee08c6f0',NULL,'Xã Diên Lâm',12.3256624,109.0151135,'Xã Diên Lâm',19395748,'6dc7c2ee-e36e-40e1-9b1a-b223882678ce'),('81b33fe1-6b7b-463a-bef8-0c481e7b3ead',NULL,'Phường Mỹ Quới',9.4840601,105.5834569,'Phường Mỹ Quới',15585895,'7b8e0708-09e4-40d7-943c-6f68d689d032'),('8203cf66-8922-4d93-8e9e-50b3d05cf3bb',NULL,'Xã Thới Lai',10.0387845,105.5430786,'Xã Thới Lai',13514870,'7b8e0708-09e4-40d7-943c-6f68d689d032'),('832310c8-7fc6-4e9e-b7d9-1bc7a7718749',NULL,'Xã Trung Hưng',10.1733499,105.5000536,'Xã Trung Hưng',7148208,'7b8e0708-09e4-40d7-943c-6f68d689d032'),('83d6261b-d92d-49e1-8bc1-24bbbf36ecb3',NULL,'Xã Minh Châu',21.2082319,105.4542560,'Xã Minh Châu',19514786,'6c472978-1cb4-4be0-8e6a-505f6a9e6256'),('83dac3eb-12ec-4b9c-ae80-d2f2ea5ce476',NULL,'Phường Ba Ngòi',11.9343265,109.0726055,'Phường Ba Ngòi',16139323,'6dc7c2ee-e36e-40e1-9b1a-b223882678ce'),('8439882d-0a1a-4d96-a11f-430ccbd4bf7e',NULL,'Xã Quảng Điền',16.5652155,107.5353630,'Xã Quảng Điền',19325226,'724bca6c-ef1b-45ed-8521-85db25a110aa'),('843c571d-7cab-4ca6-ba00-97ef2d9a836a',NULL,'Xã Tân Định',12.5052740,109.0569002,'Xã Tân Định',17082273,'6dc7c2ee-e36e-40e1-9b1a-b223882678ce'),('8441c315-39da-4ba8-977f-d972cc4b36ee',NULL,'Xã Châu Đức',10.7278282,107.2194644,'Xã Châu Đức',8162714,'1fd466ee-4df8-4822-8d94-c49102f5343e'),('84a4006c-c9f9-4344-9787-5e55ad87bc1c',NULL,'Phường Cái Khế',10.0568872,105.7790189,'Phường Cái Khế',13512379,'7b8e0708-09e4-40d7-943c-6f68d689d032'),('86144ea7-d538-4dd5-95d5-3bcd273596d4',NULL,'Xã Cổ Đô',21.2706296,105.3989509,'Xã Cổ Đô',19514788,'6c472978-1cb4-4be0-8e6a-505f6a9e6256'),('86228fe2-019c-4d12-ba84-b79071289c3f',NULL,'Xã Tứ Mỹ',18.5209739,105.5183643,'Xã Tứ Mỹ',19446787,'c3eb9979-c790-4002-9fb6-fc7c808d26e7'),('864d554d-d3ff-4ecd-97a3-d14f4fc5e15b',NULL,'Xã Phú Lộc',9.4351969,105.7184533,'Xã Phú Lộc',15665325,'7b8e0708-09e4-40d7-943c-6f68d689d032'),('86b544bc-2f45-481f-884c-099f43c72be2',NULL,'Xã Avương',15.9702396,107.5601778,'Xã Avương',19337555,'d9a0836f-de70-4c22-8689-b3e8276e999b'),('8754608b-ba4e-4962-9eea-d86374899984',NULL,'Phường Phú Lâm',10.7535730,106.6314589,'Phường Phú Lâm',19260734,'1fd466ee-4df8-4822-8d94-c49102f5343e'),('87f79bee-45e6-4fc8-8181-a2d447cd522a',NULL,'Xã Tây Khánh Vĩnh',12.3083443,108.8147491,'Xã Tây Khánh Vĩnh',19395760,'6dc7c2ee-e36e-40e1-9b1a-b223882678ce'),('890be671-587f-4914-ac2b-bc2d14ac3d93',NULL,'Phường Cam Linh',11.9084255,109.1505099,'Phường Cam Linh',16140101,'6dc7c2ee-e36e-40e1-9b1a-b223882678ce'),('89100647-c326-4e17-9171-63166c35c5eb',NULL,'Xã Trung Khánh Vĩnh',12.4074106,108.8063364,'Xã Trung Khánh Vĩnh',19395759,'6dc7c2ee-e36e-40e1-9b1a-b223882678ce'),('8aaad600-c02d-4e7d-a21b-959d8e195588',NULL,'Phường Thông Tây Hội',10.8410553,106.6527211,'Phường Thông Tây Hội',19261096,'1fd466ee-4df8-4822-8d94-c49102f5343e'),('8ac77843-ede8-48a4-8912-fc5121881817',NULL,'Phường Hải Vân',16.1296876,108.0146050,'Phường Hải Vân',14651843,'d9a0836f-de70-4c22-8689-b3e8276e999b'),('8b0bdc26-0809-4eb2-9439-ae553c3bc95f',NULL,'Phường Hòa Lợi',11.0830025,106.6490896,'Phường Hòa Lợi',13477612,'1fd466ee-4df8-4822-8d94-c49102f5343e'),('8d27efe6-a53e-4112-b86f-46490860d74d',NULL,'Phường Sông Trí',18.0428869,106.3292850,'Phường Sông Trí',19410995,'c3eb9979-c790-4002-9fb6-fc7c808d26e7'),('8dd02757-72a1-4375-aa34-4660929c290a',NULL,'Phường Tân Thành',10.6657880,107.1193257,'Phường Tân Thành',8081287,'1fd466ee-4df8-4822-8d94-c49102f5343e'),('8e6262b2-2711-401e-9421-a69193b83d92',NULL,'Xã Thanh Trì',20.9394255,105.8607820,'Xã Thanh Trì',19437088,'6c472978-1cb4-4be0-8e6a-505f6a9e6256'),('8fc86544-9968-4387-88ae-b2c3fd9be88f',NULL,'Xã Trà Leng',15.2288060,108.0197610,'Xã Trà Leng',19337487,'d9a0836f-de70-4c22-8689-b3e8276e999b'),('9014d01b-5c3a-4dfd-8a31-a8bce0dfecaf',NULL,'Xã A Lưới 3',16.2089064,107.2377276,'Xã A Lưới 3',19325220,'724bca6c-ef1b-45ed-8521-85db25a110aa'),('9030aab5-3892-464e-9b50-f011644772aa',NULL,'Phường Bình Tây',10.7506780,106.6452879,'Phường Bình Tây',19260735,'1fd466ee-4df8-4822-8d94-c49102f5343e'),('904c7ca1-3848-4426-b6ab-d00e8d4d05c5',NULL,'Xã Kỳ Khang',18.1340859,106.2658066,'Xã Kỳ Khang',19446812,'c3eb9979-c790-4002-9fb6-fc7c808d26e7'),('9137af62-6e57-4775-953c-6297be0d03bd',NULL,'Xã Phượng Dực',20.7719759,105.8407933,'Xã Phượng Dực',19411383,'6c472978-1cb4-4be0-8e6a-505f6a9e6256'),('92b8c60b-103a-4794-92bf-183442e53515',NULL,'Phường Bình Cơ',11.1525978,106.7753062,'Phường Bình Cơ',13477544,'1fd466ee-4df8-4822-8d94-c49102f5343e'),('92ed71d7-fd51-4780-86ba-ed86f2c6a61e',NULL,'Phường Tân Hải',10.5157741,107.0968045,'Phường Tân Hải',8051120,'1fd466ee-4df8-4822-8d94-c49102f5343e'),('93370787-dbff-4684-92ad-920be8f38b57',NULL,'Xã Tây Khánh Sơn',12.0621446,108.8439772,'Xã Tây Khánh Sơn',19395740,'6dc7c2ee-e36e-40e1-9b1a-b223882678ce'),('93437f2a-b755-41d0-8dea-e3d5d1cff169',NULL,'Xã Hòa Hiệp',10.7079985,107.4989980,'Xã Hòa Hiệp',11379196,'1fd466ee-4df8-4822-8d94-c49102f5343e'),('9346d083-f2e9-4528-8909-d85b9ca3f754',NULL,'Phường Phước Thới',10.0919641,105.6628172,'Phường Phước Thới',13530999,'7b8e0708-09e4-40d7-943c-6f68d689d032'),('93681851-fc1c-47e0-91dd-8c4d471afaf3',NULL,'Xã Bát Tràng',20.9693294,105.9131462,'Xã Bát Tràng',19317431,'6c472978-1cb4-4be0-8e6a-505f6a9e6256'),('9386e593-15d5-4089-85e3-d170ef0d6564',NULL,'Xã Chương Dương',20.8356799,105.9019931,'Xã Chương Dương',19411382,'6c472978-1cb4-4be0-8e6a-505f6a9e6256'),('93ca951c-847a-4725-ba21-0c808de9623f',NULL,'Phường Gia Định',10.8014190,106.6992154,'Phường Gia Định',19260955,'1fd466ee-4df8-4822-8d94-c49102f5343e'),('93cf9d0a-89d8-425b-97e1-e5a8c6c2a56a',NULL,'Phường Phú Thuận',10.7236808,106.7495439,'Phường Phú Thuận',2766949,'1fd466ee-4df8-4822-8d94-c49102f5343e'),('941bb463-60b7-4e15-b548-790191aee555',NULL,'Xã Phúc Thịnh',21.1587345,105.8132461,'Xã Phúc Thịnh',19322849,'6c472978-1cb4-4be0-8e6a-505f6a9e6256'),('949ca4c2-7481-4bf8-904c-4aa420d013a6',NULL,'Xã Trường Lưu',18.4508777,105.6669970,'Xã Trường Lưu',19446788,'c3eb9979-c790-4002-9fb6-fc7c808d26e7'),('94d979a3-2276-4308-aaa6-65019cc0ce8f',NULL,'Xã Tân Nhựt',10.7079852,106.5679435,'Xã Tân Nhựt',7463544,'1fd466ee-4df8-4822-8d94-c49102f5343e'),('95252fb3-1249-4bae-a8d9-5a9068b8c9e8',NULL,'Xã Vĩnh Lộc',10.8378201,106.5555128,'Xã Vĩnh Lộc',7463546,'1fd466ee-4df8-4822-8d94-c49102f5343e'),('961daa82-9526-4a8a-be12-f9018de86621',NULL,'Xã Vĩnh Viễn',9.6749403,105.4175550,'Xã Vĩnh Viễn',14920078,'7b8e0708-09e4-40d7-943c-6f68d689d032'),('96a4426d-eefe-4c12-8167-4822b09558f3',NULL,'Phường Kiến Hưng',20.9540976,105.7791699,'Phường Kiến Hưng',19341926,'6c472978-1cb4-4be0-8e6a-505f6a9e6256'),('972d086c-f669-43e7-8808-941b2027c9ec',NULL,'Phường Xuân Đỉnh',21.0655034,105.7956827,'Phường Xuân Đỉnh',19335055,'6c472978-1cb4-4be0-8e6a-505f6a9e6256'),('97beeb91-073a-45bf-bcce-a16300ced4ce',NULL,'Xã Vĩnh Trinh',10.2703312,105.4625663,'Xã Vĩnh Trinh',13556609,'7b8e0708-09e4-40d7-943c-6f68d689d032'),('980aad0a-1429-4ed1-a089-bbc15850db08',NULL,'Xã Long Quảng',16.0953593,107.5955495,'Xã Long Quảng',19325216,'724bca6c-ef1b-45ed-8521-85db25a110aa'),('986fd586-af64-4133-8ee1-843bcc0fa13a',NULL,'Phường Đại Mỗ',20.9930145,105.7757053,'Phường Đại Mỗ',19338314,'6c472978-1cb4-4be0-8e6a-505f6a9e6256'),('99c3da10-1866-49dd-a927-5583c3517134',NULL,'Phường Đông Ninh Hòa',12.4704739,109.2865667,'Phường Đông Ninh Hòa',17079643,'6dc7c2ee-e36e-40e1-9b1a-b223882678ce'),('99ef4552-b432-423c-91b5-25a40e696424',NULL,'Xã Đại Lộc',15.8953402,108.0927385,'Xã Đại Lộc',19337548,'d9a0836f-de70-4c22-8689-b3e8276e999b'),('99fb34d3-6790-4583-821b-efc87538b459',NULL,'Phường Tân Mỹ',10.7181556,106.7250869,'Phường Tân Mỹ',2766953,'1fd466ee-4df8-4822-8d94-c49102f5343e'),('9a532283-5286-43eb-a2e4-837ccc4850d0',NULL,'Phường Xuân Phương',21.0314647,105.7449385,'Phường Xuân Phương',19341252,'6c472978-1cb4-4be0-8e6a-505f6a9e6256'),('9a9f6f6b-4752-4ad7-b0b6-e65e02389fbe',NULL,'Xã Thạnh Xuân',9.9354369,105.6896271,'Xã Thạnh Xuân',14706461,'7b8e0708-09e4-40d7-943c-6f68d689d032'),('9aa1e147-740a-4b30-8636-6faada0b64b8',NULL,'Phường Tân An',10.0262094,105.7589366,'Phường Tân An',13512595,'7b8e0708-09e4-40d7-943c-6f68d689d032'),('9b6368cf-15ca-400d-9db7-c2102670dcfb',NULL,'Phường Thanh Liệt',20.9705548,105.8085622,'Phường Thanh Liệt',19338315,'6c472978-1cb4-4be0-8e6a-505f6a9e6256'),('9c15ef8f-43a1-4ac5-83ab-d8a991e19b44',NULL,'Phường Thuận An',10.9422028,106.6787497,'Phường Thuận An',13470588,'1fd466ee-4df8-4822-8d94-c49102f5343e'),('9c30efc4-8284-4de6-a8e7-8a319f7f5bc8',NULL,'Xã Khánh Sơn',12.0249430,108.9108313,'Xã Khánh Sơn',19395741,'6dc7c2ee-e36e-40e1-9b1a-b223882678ce'),('9cbe4e56-0f95-4604-96b6-c338fa2373ed',NULL,'Phường Tùng Thiện',21.1225699,105.4596336,'Phường Tùng Thiện',19514776,'6c472978-1cb4-4be0-8e6a-505f6a9e6256'),('9da1f95a-82ce-48be-b32d-7d1a49745b71',NULL,'Xã Đại Lãnh',12.7075355,109.3800220,'Xã Đại Lãnh',19395743,'6dc7c2ee-e36e-40e1-9b1a-b223882678ce'),('9da5099c-14d1-4d13-80db-628c149244c2',NULL,'Xã Trường Xuân',9.9741880,105.5260933,'Xã Trường Xuân',7148165,'7b8e0708-09e4-40d7-943c-6f68d689d032'),('9dc15f67-5b8b-431e-b2f9-086d1090cb37',NULL,'Phường Hương Trà',16.4572015,107.4355525,'Phường Hương Trà',19325229,'724bca6c-ef1b-45ed-8521-85db25a110aa'),('9e97e664-2fbe-4e3b-ae40-24ec6d45b3da',NULL,'Xã Kỳ Văn',18.0974508,106.1926444,'Xã Kỳ Văn',19446809,'c3eb9979-c790-4002-9fb6-fc7c808d26e7'),('9edcc330-1d7f-4482-986e-775a1308d578',NULL,'Phường Diên Hồng',10.7695985,106.6625281,'Phường Diên Hồng',19260771,'1fd466ee-4df8-4822-8d94-c49102f5343e'),('9ede314a-51da-415b-a957-0023b2d46a49',NULL,'Phường Cầu Ông Lãnh',10.7609413,106.6899425,'Phường Cầu Ông Lãnh',19260502,'1fd466ee-4df8-4822-8d94-c49102f5343e'),('9f646cf0-a086-4cf4-b730-1198bba1ade5',NULL,'Xã Hà Linh',18.3281523,105.6746319,'Xã Hà Linh',19446823,'c3eb9979-c790-4002-9fb6-fc7c808d26e7'),('a06fea16-c1a2-460c-9a54-cf976b971052',NULL,'Xã Trần Phú',20.8369681,105.6524432,'Xã Trần Phú',19514798,'6c472978-1cb4-4be0-8e6a-505f6a9e6256'),('a0a6ceb9-f4b9-44fb-82af-d5325fde1c40',NULL,'Phường An Thắng',15.9059975,108.2253705,'Phường An Thắng',19337554,'d9a0836f-de70-4c22-8689-b3e8276e999b'),('a0c18459-e635-41a7-8428-ad78ce354ec2',NULL,'Phường Sóc Trăng',9.6276432,105.9902338,'Phường Sóc Trăng',10606842,'7b8e0708-09e4-40d7-943c-6f68d689d032'),('a0e1bde5-6c92-4be8-9eff-9100ef6f39a1',NULL,'Phường Phong Phú',16.6948802,107.4088103,'Phường Phong Phú',19325205,'724bca6c-ef1b-45ed-8521-85db25a110aa'),('a13e918a-ae96-4ec1-a5a7-d8f34e0899cf',NULL,'Xã Lịch Hội Thượng',9.4676980,106.1512166,'Xã Lịch Hội Thượng',13516506,'7b8e0708-09e4-40d7-943c-6f68d689d032'),('a29c9e2b-96a2-4bbb-aaaf-c5cb838d189d',NULL,'Xã Bình Giã',10.6791087,107.2824667,'Xã Bình Giã',8145048,'1fd466ee-4df8-4822-8d94-c49102f5343e'),('a3c7183b-15a0-4d82-95ff-21f3e83b328f',NULL,'Xã Suối Hai',21.1244550,105.3746965,'Xã Suối Hai',19514783,'6c472978-1cb4-4be0-8e6a-505f6a9e6256'),('a4652ea2-9ae5-4a1f-ba68-872608b32c68',NULL,'Xã Gò Nổi',15.8555690,108.2052313,'Xã Gò Nổi',19337538,'d9a0836f-de70-4c22-8689-b3e8276e999b'),('a47156a2-8984-4887-8b18-ec9aea643082',NULL,'Xã Bình Minh',20.9047787,105.7620829,'Xã Bình Minh',19514801,'6c472978-1cb4-4be0-8e6a-505f6a9e6256'),('a4e62a30-d6b6-44f3-a78e-546edef7e82b',NULL,'Xã Đức Phú',15.4430540,108.5023390,'Xã Đức Phú',19337541,'d9a0836f-de70-4c22-8689-b3e8276e999b'),('a566cbfb-0e59-4775-891c-a7a0a508217a',NULL,'Xã Quang Minh',21.1986336,105.7513982,'Xã Quang Minh',19335113,'6c472978-1cb4-4be0-8e6a-505f6a9e6256'),('a57135e5-8595-4219-8b37-6d01ca47adfe',NULL,'Xã An Nhơn Tây',11.1018804,106.4855620,'Xã An Nhơn Tây',7621976,'1fd466ee-4df8-4822-8d94-c49102f5343e'),('a6296c6c-36dd-4b80-a55e-e551f6365437',NULL,'Xã Quế Sơn',15.6669440,108.1847270,'Xã Quế Sơn',19337512,'d9a0836f-de70-4c22-8689-b3e8276e999b'),('a6495ba4-f541-400f-8dbe-e07acfe68aad',NULL,'Xã Vĩnh Tường',9.8140250,105.5759958,'Xã Vĩnh Tường',14913483,'7b8e0708-09e4-40d7-943c-6f68d689d032'),('a6887bd8-eb57-415d-ae14-8cf35b7bb0c3',NULL,'Phường Vạn Hương',20.6671791,106.8159364,'Phường Vạn Hương',13472808,'9268e748-2059-4f82-a0a7-c9409f68714b'),('a7175052-1f8a-4bcf-8a34-341d6a592134',NULL,'Xã Phước Hiệp',15.4686465,107.9179990,'Xã Phước Hiệp',19337518,'d9a0836f-de70-4c22-8689-b3e8276e999b'),('a7783ae5-a6be-4fee-a3d1-6b6263f32175',NULL,'Phường Nam Hồng Lĩnh',18.5218531,105.7213437,'Phường Nam Hồng Lĩnh',19411000,'c3eb9979-c790-4002-9fb6-fc7c808d26e7'),('a779285d-b6da-4086-87e4-049e60b285ef',NULL,'Phường Thanh Thủy',16.4239626,107.6322789,'Phường Thanh Thủy',19325204,'724bca6c-ef1b-45ed-8521-85db25a110aa'),('a77f2b77-2b00-4681-9260-7366065ff934',NULL,'Phường Hoàng Liệt',20.9610564,105.8285905,'Phường Hoàng Liệt',19338316,'6c472978-1cb4-4be0-8e6a-505f6a9e6256'),('a77f8e6f-d728-4345-b982-24ec0ccd3b99',NULL,'Phường Vĩnh Phước',9.3208388,105.9115423,'Phường Vĩnh Phước',15587609,'7b8e0708-09e4-40d7-943c-6f68d689d032'),('a78b6f31-2a60-4b7b-aca4-c8b81254c975',NULL,'Phường Đức Nhuận',10.8066554,106.6779262,'Phường Đức Nhuận',19261676,'1fd466ee-4df8-4822-8d94-c49102f5343e'),('a79c3a2a-8e00-4650-b5f4-e70deac914a2',NULL,'Phường Phú Định',10.7282344,106.6369923,'Phường Phú Định',19260926,'1fd466ee-4df8-4822-8d94-c49102f5343e'),('a857019c-7ab5-41ea-9cf5-3023361c89b8',NULL,'Phường Cầu Giấy',21.0297574,105.7899930,'Phường Cầu Giấy',19335053,'6c472978-1cb4-4be0-8e6a-505f6a9e6256'),('a88ecd02-e262-4b30-ae14-25a3e4807406',NULL,'Phường Phương Liệt',20.9930300,105.8314045,'Phường Phương Liệt',19334585,'6c472978-1cb4-4be0-8e6a-505f6a9e6256'),('a8b41e31-c677-4327-86b7-6bb4445b7382',NULL,'Phường Hóa Châu',16.5353307,107.5868723,'Phường Hoá Châu',19325227,'724bca6c-ef1b-45ed-8521-85db25a110aa'),('a8ebc1ff-41f4-4993-a71f-a8f2db6e304f',NULL,'Phường Thuận An',16.5592887,107.6369357,'Phường Thuận An',19325207,'724bca6c-ef1b-45ed-8521-85db25a110aa'),('a9043fbb-2d72-4ca4-b29e-af3f82aaedda',NULL,'Phường Chương Mỹ',20.9251577,105.6993611,'Phường Chương Mỹ',19446384,'6c472978-1cb4-4be0-8e6a-505f6a9e6256'),('a90a203c-6433-43b9-8503-032ea9355eaf',NULL,'Phường Đô Vinh',11.6371487,108.9214195,'Phường Đô Vinh',16074369,'6dc7c2ee-e36e-40e1-9b1a-b223882678ce'),('a91ee054-777b-49d5-ac6a-b2bf3752836d',NULL,'Phường Long Nguyên',11.1679902,106.5508513,'Phường Long Nguyên',15044270,'1fd466ee-4df8-4822-8d94-c49102f5343e'),('a91f3cf1-d3af-436e-bc99-1b0c4cb0a213',NULL,'Xã Đồng Tiến',18.3434015,105.9950156,'Xã Đồng Tiến',19446830,'c3eb9979-c790-4002-9fb6-fc7c808d26e7'),('a9329829-471e-4ba2-ab9d-c2073d557188',NULL,'Phường Long Phước',10.8032086,106.8440693,'Phường Long Phước',7342308,'1fd466ee-4df8-4822-8d94-c49102f5343e'),('a95f474f-c0b1-4914-a1d8-ae3ec8110238',NULL,'Xã Kim Hoa',18.4619119,105.4419311,'Xã Kim Hoa',19446815,'c3eb9979-c790-4002-9fb6-fc7c808d26e7'),('a97f7c85-0625-4443-9900-d9a7219bc277',NULL,'Xã Tân Long',9.5292361,105.6698531,'Xã Tân Long',15585896,'7b8e0708-09e4-40d7-943c-6f68d689d032'),('a997524c-9c6d-45da-9d24-cc9477b3391d',NULL,'Phường Thành Sen',18.3393860,105.8995743,'Phường Thành Sen',19410992,'c3eb9979-c790-4002-9fb6-fc7c808d26e7'),('a9ad8598-b972-401a-82f2-9df7d1c254d5',NULL,'Xã Cam Hiệp',12.0703109,109.0347256,'Xã Cam Hiệp',19395756,'6dc7c2ee-e36e-40e1-9b1a-b223882678ce'),('a9b5b048-1a21-4b1b-9068-d32fe3290d87',NULL,'Xã Lâm Tân',9.5043579,105.7806131,'Xã Lâm Tân',15665327,'7b8e0708-09e4-40d7-943c-6f68d689d032'),('a9bee142-63b7-403f-9d3d-3a4c71fdfa92',NULL,'Phường Tân Bình',10.7998857,106.6404371,'Phường Tân Bình',19261237,'1fd466ee-4df8-4822-8d94-c49102f5343e'),('a9dc4f58-e622-4e00-b861-b0e7f90982d7',NULL,'Phường Dương Nội',20.9750376,105.7475683,'Phường Dương Nội',19341254,'6c472978-1cb4-4be0-8e6a-505f6a9e6256'),('aa0b949f-fd1d-40e5-a518-ae7b15b66580',NULL,'Phường An Phú',10.9594008,106.7347248,'Phường An Phú',13470504,'1fd466ee-4df8-4822-8d94-c49102f5343e'),('aa4ea779-7453-4f5d-8644-d0c7d25c5916',NULL,'Xã Cam Lâm',12.0813430,109.1927139,'Xã Cam Lâm',19395755,'6dc7c2ee-e36e-40e1-9b1a-b223882678ce'),('aa67eeab-2d91-4bd3-9a80-94a98a4486e5',NULL,'Xã An Khánh',20.9833059,105.7033487,'Xã An Khánh',19437090,'6c472978-1cb4-4be0-8e6a-505f6a9e6256'),('aad3a930-c908-492a-a6f2-c731094c4afe',NULL,'Xã Hòa Xá',20.6672249,105.7883020,'Xã Hòa Xá',19411388,'6c472978-1cb4-4be0-8e6a-505f6a9e6256'),('aaf997ff-8e51-426e-9162-a53fd3e34be1',NULL,'Phường Điện Bàn Đông',15.9298884,108.2758899,'Phường Điện Bàn Đông',19337545,'d9a0836f-de70-4c22-8689-b3e8276e999b'),('ab25d99b-cd61-4002-bad7-9861aa93023b',NULL,'Xã Hóc Môn',10.8965532,106.5925546,'Xã Hóc Môn',7638093,'1fd466ee-4df8-4822-8d94-c49102f5343e'),('ab6d6c7f-e85f-4bf6-bede-a6e6179de3be',NULL,'Phường Chánh Phú Hòa',11.1883084,106.6715595,'Phường Chánh Phú Hòa',13477632,'1fd466ee-4df8-4822-8d94-c49102f5343e'),('abbab794-6975-42da-8415-0b734b98e98d',NULL,'Xã Nghi Xuân',18.6086233,105.7291324,'Xã Nghi Xuân',19446804,'c3eb9979-c790-4002-9fb6-fc7c808d26e7'),('abddeb04-69af-4d00-aa60-73a44ee89068',NULL,'Xã Thăng Điền',15.6716227,108.4138160,'Xã Thăng Điền',19337497,'d9a0836f-de70-4c22-8689-b3e8276e999b'),('ac678859-1ea6-479b-8fa4-5bccb4cef6b0',NULL,'Phường Tây Thạnh',10.8139639,106.6215883,'Phường Tây Thạnh',6892362,'1fd466ee-4df8-4822-8d94-c49102f5343e'),('ac7c7f51-71b3-4b77-804f-bc0708433a55',NULL,'Xã Bình Hưng',10.7051474,106.6584195,'Xã Bình Hưng',7462675,'1fd466ee-4df8-4822-8d94-c49102f5343e'),('ac7e573f-3825-4766-a524-0cdf17ebcd3d',NULL,'Xã Đông Hiệp',10.0813155,105.5027780,'Xã Đông Hiệp',7148210,'7b8e0708-09e4-40d7-943c-6f68d689d032'),('acfc8049-7f99-454a-9cb6-e1b4b6d3ca97',NULL,'Xã Hiệp Phước',10.6353557,106.7310587,'Xã Hiệp Phước',7650793,'1fd466ee-4df8-4822-8d94-c49102f5343e'),('ad58fbb9-9ba6-40a1-a7c6-e4a897f240d7',NULL,'Phường Trần Phú',18.3848578,105.8984669,'Phường Trần Phú',19410993,'c3eb9979-c790-4002-9fb6-fc7c808d26e7'),('ad7d3a9d-e08d-4a33-ae6a-dc7f487ce263',NULL,'Phường Hương Trà',15.5399310,108.4973035,'Phường Hương Trà',19337531,'d9a0836f-de70-4c22-8689-b3e8276e999b'),('b1519ca8-4250-41f6-9bf9-d9c1ec482098',NULL,'Phường Hội An',15.8703355,108.3324355,'Phường Hội An',19337535,'d9a0836f-de70-4c22-8689-b3e8276e999b'),('b1861d61-fa64-411a-bc34-21792f171cef',NULL,'Xã Sơn Giang',18.5303376,105.3792725,'Xã Sơn Giang',19446802,'c3eb9979-c790-4002-9fb6-fc7c808d26e7'),('b1edb04b-aed4-4ba9-9d58-f204afd2c4db',NULL,'Xã Phước Hòa',11.2535495,106.7793705,'Xã Phước Hòa',15350008,'1fd466ee-4df8-4822-8d94-c49102f5343e'),('b2deb8da-041a-4082-8320-32fda6923fc0',NULL,'Phường Phú Mỹ',10.6018180,107.0439223,'Phường Phú Mỹ',5485644,'1fd466ee-4df8-4822-8d94-c49102f5343e'),('b2fc7318-f315-413d-bc7c-3abf67add824',NULL,'Xã Chiên Đàn',15.5637549,108.4203055,'Xã Chiên Đàn',19337550,'d9a0836f-de70-4c22-8689-b3e8276e999b'),('b31ec1d4-7b8f-4eb8-b964-8fb813410d88',NULL,'Xã Tây Hồ',15.5888440,108.3860235,'Xã Tây Hồ',19337500,'d9a0836f-de70-4c22-8689-b3e8276e999b'),('b343e1f2-8585-4960-b987-eb2fe4d0d736',NULL,'Xã Đức Minh',18.5515635,105.5877597,'Xã Đức Minh',19446828,'c3eb9979-c790-4002-9fb6-fc7c808d26e7'),('b3532f4e-e7d7-4b32-8283-5a711408999c',NULL,'Xã Mê Linh',21.1463418,105.7343174,'Xã Mê Linh',19335112,'6c472978-1cb4-4be0-8e6a-505f6a9e6256'),('b380a001-27bf-4de9-9824-3e0ad5a62327',NULL,'Phường Chợ Lớn',10.7526889,106.6587797,'Phường Chợ Lớn',19260681,'1fd466ee-4df8-4822-8d94-c49102f5343e'),('b474afba-3727-4595-8ff5-4e9c3b8dc35c',NULL,'Xã Cổ Đạm',18.5758800,105.8139819,'Xã Cổ Đạm',19446834,'c3eb9979-c790-4002-9fb6-fc7c808d26e7'),('b5495102-9613-4603-8569-574761a8515b',NULL,'Phường Phú Thọ',10.7686775,106.6532512,'Phường Phú Thọ',19260761,'1fd466ee-4df8-4822-8d94-c49102f5343e'),('b54a8152-a79d-4fb7-907d-57d40c96e740',NULL,'Xã Trường Long',9.9759794,105.6158205,'Xã Trường Long',13556151,'7b8e0708-09e4-40d7-943c-6f68d689d032'),('b5b2c56f-e5e6-4aa1-9340-d5644a69363c',NULL,'Phường Tây Nam',11.1318747,106.5014741,'Phường Tây Nam',13477596,'1fd466ee-4df8-4822-8d94-c49102f5343e'),('b5c5034b-1e0d-4ca7-8b79-8bd535099fd2',NULL,'Phường Cái Răng',9.9871149,105.7593767,'Phường Cái Răng',10136998,'7b8e0708-09e4-40d7-943c-6f68d689d032'),('b5cb0f4e-c673-472e-b4d3-ade9fec6478a',NULL,'Phường Xuân Hòa',10.7830643,106.6897128,'Phường Xuân Hòa',19260546,'1fd466ee-4df8-4822-8d94-c49102f5343e'),('b5d79715-7f79-4b61-b762-eb4c222e4792',NULL,'Xã Toàn Lưu',18.3197183,105.8040211,'Xã Toàn Lưu',19446789,'c3eb9979-c790-4002-9fb6-fc7c808d26e7'),('b60cef80-41ad-4086-8971-a624d02dcac4',NULL,'Phường Vũng Áng',18.0537541,106.4159253,'Phường Vũng Áng',19410998,'c3eb9979-c790-4002-9fb6-fc7c808d26e7'),('b6a4180e-8b76-4a6c-a570-77a4d5a541e8',NULL,'Phường Hoành Sơn',18.0151349,106.4449571,'Phường Hoành Sơn',19410997,'c3eb9979-c790-4002-9fb6-fc7c808d26e7'),('b6a8d64b-8413-45e2-939c-979cfada1344',NULL,'Xã Chuyên Mỹ',20.7155765,105.8833124,'Xã Chuyên Mỹ',19411386,'6c472978-1cb4-4be0-8e6a-505f6a9e6256'),('b6b81bc6-8f24-429b-9d4f-c62e13efd274',NULL,'Phường Đông Hưng Thuận',10.8375929,106.6231304,'Phường Đông Hưng Thuận',6928153,'1fd466ee-4df8-4822-8d94-c49102f5343e'),('b7145587-e421-4c16-89ae-5ca71c23560c',NULL,'Xã Ninh Phước',11.5290082,108.9510878,'Xã Ninh Phước',17609708,'6dc7c2ee-e36e-40e1-9b1a-b223882678ce'),('b748d5b6-3877-41b5-911d-c07835f8548c',NULL,'Phường Điện Bàn',15.8825290,108.2745410,'Phường Điện Bàn',19337547,'d9a0836f-de70-4c22-8689-b3e8276e999b'),('ba517c46-ce5a-4ac3-8fbe-303b0f3ed60a',NULL,'Xã Thới An Hội',9.8321897,105.9833821,'Xã Thới An Hội',15661143,'7b8e0708-09e4-40d7-943c-6f68d689d032'),('bab71797-f574-43cb-a5d0-9c812b8e4cc2',NULL,'Phường An Hội Tây',10.8444957,106.6445600,'Phường An Hội Tây',19261097,'1fd466ee-4df8-4822-8d94-c49102f5343e'),('bae9754a-41c1-4859-b0c9-6ab7aff472e5',NULL,'Xã Sơn Kim 2',18.3652458,105.2788295,'Xã Sơn Kim 2',19446799,'c3eb9979-c790-4002-9fb6-fc7c808d26e7'),('bb2ea139-7330-4a91-8c03-72eea0f64f24',NULL,'Xã Cẩm Trung',18.2367139,106.1164646,'Xã Cẩm Trung',19446837,'c3eb9979-c790-4002-9fb6-fc7c808d26e7'),('bb33259f-5033-47e8-b781-b5b22063e9a7',NULL,'Xã Thuận Nam',11.4437703,108.8805113,'Xã Thuận Nam',17609702,'6dc7c2ee-e36e-40e1-9b1a-b223882678ce'),('bb47588e-fcfa-4925-a43d-c120a715ee6a',NULL,'Xã Thượng Đức',15.8366185,107.8860325,'Xã Thượng Đức',19337491,'d9a0836f-de70-4c22-8689-b3e8276e999b'),('bb4dfd53-395a-488a-9166-eca7b22599ef',NULL,'Xã Anh Dũng',11.6179732,108.6784757,'Xã Anh Dũng',17609717,'6dc7c2ee-e36e-40e1-9b1a-b223882678ce'),('bc0c39c3-7748-4d61-aeca-9a0f5850a545',NULL,'Xã Phong Nẫm',9.8949651,105.9517393,'Xã Phong Nẫm',15661148,'7b8e0708-09e4-40d7-943c-6f68d689d032'),('bc62f053-7180-4039-afb5-a106348daf54',NULL,'Xã Vạn Thắng',12.7642059,109.2174080,'Xã Vạn Thắng',19395745,'6dc7c2ee-e36e-40e1-9b1a-b223882678ce'),('bcc5c725-fc1b-4924-9928-34f1d05e32b8',NULL,'Xã Trà Giáp',15.1987497,108.2567661,'Xã Trà Giáp',19337488,'d9a0836f-de70-4c22-8689-b3e8276e999b'),('bd08f103-e346-4112-8d65-625cdeabaea7',NULL,'Phường Định Công',20.9778400,105.8238839,'Phường Định Công',19334588,'6c472978-1cb4-4be0-8e6a-505f6a9e6256'),('bd1dec8d-eb26-4d24-94d5-277cc684ed42',NULL,'Phường Tây Mỗ',21.0001065,105.7466687,'Phường Tây Mỗ',19341253,'6c472978-1cb4-4be0-8e6a-505f6a9e6256'),('bd294e5b-429a-48ea-a8b6-59f677ce5c0a',NULL,'Phường Gò Vấp',10.8391268,106.6728562,'Phường Gò Vấp',19261094,'1fd466ee-4df8-4822-8d94-c49102f5343e'),('bd6868fc-cf20-4c91-961d-8d44090ee34f',NULL,'Xã Hòa Tú',9.4191138,105.8925244,'Xã Hòa Tú',15665894,'7b8e0708-09e4-40d7-943c-6f68d689d032'),('bddf5290-47c4-4310-8488-36ca0b86e267',NULL,'Phường Thủ Dầu Một',10.9684784,106.6595066,'Phường Thủ Dầu Một',8448188,'1fd466ee-4df8-4822-8d94-c49102f5343e'),('bdf2d72c-60e5-47c5-8b37-fb1b23bd4ee2',NULL,'Phường Ngã Bảy',9.7967436,105.8177015,'Phường Ngã Bảy',10151346,'7b8e0708-09e4-40d7-943c-6f68d689d032'),('be001633-8a66-44a9-b77f-4f84427b41ca',NULL,'Phường Bình Trị Đông',10.7686014,106.6078759,'Phường Bình Trị Đông',6915941,'1fd466ee-4df8-4822-8d94-c49102f5343e'),('bf8a33b4-f6d9-4684-a0e8-b23b77a59632',NULL,'Phường Phong Điền',16.4801940,107.2256433,'Phường Phong Điền',19325223,'724bca6c-ef1b-45ed-8521-85db25a110aa'),('bf8dd36a-7f63-40f2-bd61-54f436b3461e',NULL,'Xã Vĩnh Thạnh',10.2140538,105.4354092,'Xã Vĩnh Thạnh',13514937,'7b8e0708-09e4-40d7-943c-6f68d689d032'),('bfc7709b-3d31-427b-95cb-3cc4fbe75fa9',NULL,'Phường Kim Long',16.4021481,107.5384229,'Phường Kim Long',19324110,'724bca6c-ef1b-45ed-8521-85db25a110aa'),('bfdaf6c8-0dab-4c4e-b5f8-ce6c7dd6114b',NULL,'Xã Đan Hải',18.7171460,105.7702690,'Xã Đan Hải',19446833,'c3eb9979-c790-4002-9fb6-fc7c808d26e7'),('bfe77c98-5841-4f2a-b8fa-12de5e1eed53',NULL,'Xã Gia Hòa',9.4315545,105.8000440,'Xã Gia Hòa',15665891,'7b8e0708-09e4-40d7-943c-6f68d689d032'),('c00cf9d9-6119-4d87-a9cf-e7abfb6762b2',NULL,'Xã Đức Đồng',18.4333720,105.5903168,'Xã Đức Đồng',19446829,'c3eb9979-c790-4002-9fb6-fc7c808d26e7'),('c0cf1335-d75f-4622-bddb-bd4dd2e67d45',NULL,'Xã Lương Tâm',9.6262247,105.4274322,'Xã Lương Tâm',14920074,'7b8e0708-09e4-40d7-943c-6f68d689d032'),('c1b0bbaf-f923-45de-8893-46095335dcd4',NULL,'Phường Cửa Nam',21.0234915,105.8517408,'Phường Cửa Nam',19331653,'6c472978-1cb4-4be0-8e6a-505f6a9e6256'),('c1bada51-ac71-4716-b2ed-f19c037f2420',NULL,'Phường Phú Lợi',10.9876564,106.6764153,'Phường Phú Lợi',13455517,'1fd466ee-4df8-4822-8d94-c49102f5343e'),('c20b085a-ec10-4e5f-bdc3-4220ffd54165',NULL,'Phường An Khánh',10.7894459,106.7324823,'Phường An Khánh',7351897,'1fd466ee-4df8-4822-8d94-c49102f5343e'),('c2ae40dd-ace3-41ea-b9f5-91dc04d50446',NULL,'Xã Kỳ Anh',18.1849571,106.2265215,'Xã Kỳ Anh',19446814,'c3eb9979-c790-4002-9fb6-fc7c808d26e7'),('c2c56ce9-963b-440a-ba8d-c20dfb6884a0',NULL,'Phường Hai Bà Trưng',21.0141713,105.8536179,'Phường Hai Bà Trưng',19331654,'6c472978-1cb4-4be0-8e6a-505f6a9e6256'),('c37f5f05-07e5-4462-ad9f-c08674151c4c',NULL,'Xã Thư Lâm',21.1625640,105.8865487,'Xã Thư Lâm',19322846,'6c472978-1cb4-4be0-8e6a-505f6a9e6256'),('c4ba78a7-8639-4145-838b-ae7098b06bec',NULL,'Xã Phước Chánh',15.3218640,107.8060400,'Xã Phước Chánh',19337519,'d9a0836f-de70-4c22-8689-b3e8276e999b'),('c4f5a86d-8cb2-41df-87f1-5a5168f3bfc5',NULL,'Phường Hưng Phú',9.9989128,105.8061991,'Phường Hưng Phú',10136993,'7b8e0708-09e4-40d7-943c-6f68d689d032'),('c51366f8-5e7c-45ae-b41b-e39ae696579b',NULL,'Xã Hiệp Đức',15.5706985,108.0515290,'Xã Hiệp Đức',19337536,'d9a0836f-de70-4c22-8689-b3e8276e999b'),('c677b0b7-019c-46e7-8292-573b85645aeb',NULL,'Phường Rạch Dừa',10.3909143,107.1020357,'Phường Rạch Dừa',3610160,'1fd466ee-4df8-4822-8d94-c49102f5343e'),('c6f7debf-632a-4265-9d49-f4559908e05f',NULL,'Phường Tân Phước',10.5280166,107.0571663,'Phường Tân Phước',5485645,'1fd466ee-4df8-4822-8d94-c49102f5343e'),('c7456158-1893-452f-b2ca-371654b15c27',NULL,'Xã Thuận An',21.0328782,105.9835825,'Xã Thuận An',19317429,'6c472978-1cb4-4be0-8e6a-505f6a9e6256'),('c87416a1-2a8b-42f6-b313-48020d8ec5a6',NULL,'Xã Nam Giang',15.6741550,107.5142945,'Xã Nam Giang',19337526,'d9a0836f-de70-4c22-8689-b3e8276e999b'),('c9053396-3c86-49ac-8837-822c832d4e1e',NULL,'Xã Phú Vang',16.4022750,107.7744080,'Xã Phú Vang',19325234,'724bca6c-ef1b-45ed-8521-85db25a110aa'),('c91d783d-2654-48f4-8794-f8fe8b14de1d',NULL,'Phường Hòa Thắng',12.4470072,109.1955444,'Phường Hòa Thắng',17079641,'6dc7c2ee-e36e-40e1-9b1a-b223882678ce'),('c94c069e-0709-4e6f-94f6-948a083b52ea',NULL,'Xã Cù Lao Dung',9.5762554,106.2149021,'Xã Cù Lao Dung',15658217,'7b8e0708-09e4-40d7-943c-6f68d689d032'),('c9d318d7-d6bc-45c1-8e64-6e9c0a90fe63',NULL,'Xã Tân Thạnh',9.6261104,106.0612053,'Xã Tân Thạnh',15659023,'7b8e0708-09e4-40d7-943c-6f68d689d032'),('c9ea9657-ea18-466b-8151-b372584a42d3',NULL,'Xã Đan Phượng',21.0945826,105.6661400,'Xã Đan Phượng',19446382,'6c472978-1cb4-4be0-8e6a-505f6a9e6256'),('ca2664ae-bd42-4f05-a7e0-298d14588e51',NULL,'Phường Ngũ Hành Sơn',16.0063606,108.2532015,'Phường Ngũ Hành Sơn',13967842,'d9a0836f-de70-4c22-8689-b3e8276e999b'),('ca3012e0-9385-4276-bd16-9f8ebd99532e',NULL,'Xã Vật Lại',21.2119109,105.3953309,'Xã Vật Lại',19514787,'6c472978-1cb4-4be0-8e6a-505f6a9e6256'),('ca3d1602-fca8-4529-ad6f-0eb407146d7a',NULL,'Phường Thanh Xuân',20.9994301,105.8041443,'Phường Thanh Xuân',19335051,'6c472978-1cb4-4be0-8e6a-505f6a9e6256'),('ca4e1021-05a3-4beb-989d-f9d7d1d0d1cc',NULL,'Xã Hùng Sơn',15.8095482,107.3066192,'Xã Hùng Sơn',19337532,'d9a0836f-de70-4c22-8689-b3e8276e999b'),('cae3619a-ef08-4905-b21f-8a0f85ee9cd9',NULL,'Phường Long Bình',9.7283321,105.5864945,'Phường Long Bình',13570538,'7b8e0708-09e4-40d7-943c-6f68d689d032'),('cb3d4727-b6fb-400a-a34a-b20108d67d05',NULL,'Xã Bình Châu',10.5787615,107.5314380,'Xã Bình Châu',11379195,'1fd466ee-4df8-4822-8d94-c49102f5343e'),('cb45e4c8-fd57-470c-8cf5-76528ddfc115',NULL,'Xã Liên Minh',21.1306570,105.6499620,'Xã Liên Minh',19514779,'6c472978-1cb4-4be0-8e6a-505f6a9e6256'),('cb4cfd3b-4fb2-46f6-a96d-73d801171d48',NULL,'Xã Phú Nghĩa',20.9182316,105.6373993,'Xã Phú Nghĩa',19446385,'6c472978-1cb4-4be0-8e6a-505f6a9e6256'),('cb7d2236-b44c-41ad-ab62-00507355728c',NULL,'Xã Phúc Sơn',20.7812213,105.6869344,'Xã Phúc Sơn',19514793,'6c472978-1cb4-4be0-8e6a-505f6a9e6256'),('cbb54ef4-e2ef-409f-aa1b-25ae0dbe4c8a',NULL,'Xã Trà Vân',15.0892487,108.2030063,'Xã Trà Vân',19337481,'d9a0836f-de70-4c22-8689-b3e8276e999b'),('cbb75c89-c847-4a3a-b5f4-c4d17ba66c5e',NULL,'Phường Yên Nghĩa',20.9378694,105.7329704,'Phường Yên Nghĩa',19341927,'6c472978-1cb4-4be0-8e6a-505f6a9e6256'),('cc66a324-ae70-4920-b1d2-445e4c94abd4',NULL,'Xã Tân Bình',9.8603381,105.6451248,'Xã Tân Bình',14706918,'7b8e0708-09e4-40d7-943c-6f68d689d032'),('ccd723f6-8068-4edf-825a-1a903ee27388',NULL,'Xã Ninh Sơn',11.7526299,108.7411761,'Xã Ninh Sơn',17609720,'6dc7c2ee-e36e-40e1-9b1a-b223882678ce'),('ccf94465-7d9c-462e-b664-2b28a5a81b75',NULL,'Phường Tương Mai',20.9906196,105.8583302,'Phường Tương Mai',19334584,'6c472978-1cb4-4be0-8e6a-505f6a9e6256'),('cd1ac32d-2b14-4f13-8f9b-646a8b24de34',NULL,'Xã Phú Hồ',16.4810954,107.6890040,'Xã Phú Hồ',19325233,'724bca6c-ef1b-45ed-8521-85db25a110aa'),('cd344655-c5da-4f5b-a546-2f31e1809d65',NULL,'Xã Phú Giáo',11.3071308,106.8642415,'Xã Phú Giáo',15350067,'1fd466ee-4df8-4822-8d94-c49102f5343e'),('cd741a54-3ea7-4e37-a387-8caddd1d447d',NULL,'Xã Tân Phước Hưng',9.7467452,105.7901974,'Xã Tân Phước Hưng',13516729,'7b8e0708-09e4-40d7-943c-6f68d689d032'),('cd9349ed-32c8-4338-a47f-ab3c096a925a',NULL,'Phường Minh Phụng',10.7586234,106.6484553,'Phường Minh Phụng',19260758,'1fd466ee-4df8-4822-8d94-c49102f5343e'),('cf067204-87e2-49dd-baaf-1ed1f1dff8c1',NULL,'Phường Bình Hòa',10.9038662,106.7183550,'Phường Bình Hòa',13470503,'1fd466ee-4df8-4822-8d94-c49102f5343e'),('cf0b861e-3094-45a9-846a-9045acba71b9',NULL,'Xã Suối Dầu',12.1441916,109.0537636,'Xã Suối Dầu',19395754,'6dc7c2ee-e36e-40e1-9b1a-b223882678ce'),('cf7f12fc-7d7c-4a6c-981b-ca855831f671',NULL,'Xã Phước Thành',11.3850996,106.7564635,'Xã Phước Thành',15350042,'1fd466ee-4df8-4822-8d94-c49102f5343e'),('cf93cdf0-d278-468c-8a64-7c300df9a054',NULL,'Phường Bình Thạnh',10.8117913,106.7062442,'Phường Bình Thạnh',19260954,'1fd466ee-4df8-4822-8d94-c49102f5343e'),('d02a36cc-2418-4510-862c-35152d424302',NULL,'Phường Láng',21.0203841,105.8062584,'Phường Láng',19332318,'6c472978-1cb4-4be0-8e6a-505f6a9e6256'),('d06b7cd7-0e23-46ac-9b27-a35b7df6a8ff',NULL,'Xã Phước Hà',11.4882832,108.7649083,'Xã Phước Hà',17609698,'6dc7c2ee-e36e-40e1-9b1a-b223882678ce'),('d0936120-6da0-4ede-ae64-e0c2b1b7677c',NULL,'Phường Vĩnh Hưng',20.9909804,105.8819940,'Phường Vĩnh Hưng',19334586,'6c472978-1cb4-4be0-8e6a-505f6a9e6256'),('d0fa5e65-26b2-4384-b83b-f39c31a4d075',NULL,'Phường Hòa Bình',10.7702860,106.6448329,'Phường Hòa Bình',19260760,'1fd466ee-4df8-4822-8d94-c49102f5343e'),('d16a5dcd-72a5-4d1c-bca2-28b7889eb55e',NULL,'Phường Tân Phú',10.7774383,106.6397159,'Phường Tân Phú',6890891,'1fd466ee-4df8-4822-8d94-c49102f5343e'),('d186cdfb-ab2a-4260-920d-5a2ccf172461',NULL,'Xã Hòa Hội',10.6269129,107.4257469,'Xã Hòa Hội',10330034,'1fd466ee-4df8-4822-8d94-c49102f5343e'),('d189af85-7856-44ce-a1e2-f84b6e789809',NULL,'Xã Nam Đông',16.1082400,107.6753750,'Xã Nam Đông',19325215,'724bca6c-ef1b-45ed-8521-85db25a110aa'),('d1a5f837-330f-43b6-8297-a85494bde2e8',NULL,'Xã Bác Ái',11.8518390,108.8696281,'Xã Bác Ái',17606337,'6dc7c2ee-e36e-40e1-9b1a-b223882678ce'),('d1c9f458-04f0-4111-9fb9-9b0e10697c66',NULL,'Xã Nam Phước',15.8401151,108.3065200,'Xã Nam Phước',19337525,'d9a0836f-de70-4c22-8689-b3e8276e999b'),('d1cc4280-fbbf-48cd-a976-7ad67ec2331d',NULL,'Xã Xà Phiên',9.6348677,105.5269050,'Xã Xà Phiên',14920071,'7b8e0708-09e4-40d7-943c-6f68d689d032'),('d20d534a-a564-42bd-adfe-fe84685087ae',NULL,'Phường Tân Sơn Nhất',10.8009343,106.6592714,'Phường Tân Sơn Nhất',19261235,'1fd466ee-4df8-4822-8d94-c49102f5343e'),('d22d4169-c382-42a5-818c-b715bf3e8068',NULL,'Phường Tam Thắng',10.3686977,107.0973646,'Phường Tam Thắng',3616747,'1fd466ee-4df8-4822-8d94-c49102f5343e'),('d25b4961-0c7b-479c-a379-edbcebde5f86',NULL,'Xã Nam Phù',20.9192218,105.8861065,'Xã Nam Phù',19437095,'6c472978-1cb4-4be0-8e6a-505f6a9e6256'),('d27b6e1f-a3ff-4bd0-a5bb-b12f5320dba0',NULL,'Xã Đắc Pring',15.4998301,107.5985940,'Xã Đắc Pring',19337549,'d9a0836f-de70-4c22-8689-b3e8276e999b'),('d2d8f910-d5b4-48af-9259-7bd0a061ff7e',NULL,'Phường Thượng Cát',21.0870278,105.7489872,'Phường Thượng Cát',19341250,'6c472978-1cb4-4be0-8e6a-505f6a9e6256'),('d3882a07-1b76-4cb9-8713-5887cf27c33f',NULL,'Phường Thới Long',10.1656223,105.5867719,'Phường Thới Long',13531122,'7b8e0708-09e4-40d7-943c-6f68d689d032'),('d3a5314b-3f78-45b3-a260-48602417f5c8',NULL,'Xã Đất Đỏ',10.5182582,107.3085229,'Xã Đất Đỏ',6190340,'1fd466ee-4df8-4822-8d94-c49102f5343e'),('d4cb86d0-cde4-4e70-bf5d-0cbad9a4b5f0',NULL,'Xã Phúc Trạch',18.0933599,105.8265651,'Xã Phúc Trạch',19446803,'c3eb9979-c790-4002-9fb6-fc7c808d26e7'),('d5246472-47e2-4c88-8641-9f07153e3bcf',NULL,'Xã Vạn Ninh',12.7345432,109.1756056,'Xã Vạn Ninh',19395746,'6dc7c2ee-e36e-40e1-9b1a-b223882678ce'),('d55191f1-0cc6-4fb8-bd63-f23ec12a1978',NULL,'Phường Trung Nhứt',10.2328166,105.5081636,'Phường Trung Nhứt',13533112,'7b8e0708-09e4-40d7-943c-6f68d689d032'),('d6bc1d3f-e388-4843-be31-528da6a99498',NULL,'Xã Khâm Đức',15.5009065,107.7692972,'Xã Khâm Đức',19337530,'d9a0836f-de70-4c22-8689-b3e8276e999b'),('d71cdf63-fcc5-4833-9e9a-1550fcc9bf35',NULL,'Phường Thủ Đức',10.8369844,106.7566581,'Phường Thủ Đức',7138136,'1fd466ee-4df8-4822-8d94-c49102f5343e'),('d76f3f9c-812a-4a23-b329-60c0ca510cbe',NULL,'Xã Hòa Phú',20.8321416,105.7091696,'Xã Hòa Phú',19514797,'6c472978-1cb4-4be0-8e6a-505f6a9e6256'),('d82a33c6-5758-4e5e-a1ac-31adb423147d',NULL,'Xã Phù Đổng',21.0794010,105.9492642,'Xã Phù Đổng',19317432,'6c472978-1cb4-4be0-8e6a-505f6a9e6256'),('d88ab07b-f711-4790-ac3f-e86fac984a82',NULL,'Xã Thuận Hòa',9.6756303,105.9277212,'Xã Thuận Hòa',15661434,'7b8e0708-09e4-40d7-943c-6f68d689d032'),('d8a024b0-a1d3-4f3d-a5d3-7a9ea355ff5f',NULL,'Xã Tam Hưng',20.8783684,105.7959830,'Xã Tam Hưng',19514800,'6c472978-1cb4-4be0-8e6a-505f6a9e6256'),('d8e14713-84fa-473e-bb93-4dc464e00e10',NULL,'Xã Trường Khánh',9.6912338,106.0263243,'Xã Trường Khánh',15659016,'7b8e0708-09e4-40d7-943c-6f68d689d032'),('d900e723-4f9e-4651-b732-5273f72ff54c',NULL,'Xã Tân Vĩnh Lộc',10.7988851,106.5473783,'Xã Tân Vĩnh Lộc',7463547,'1fd466ee-4df8-4822-8d94-c49102f5343e'),('d91ef907-3285-4d23-8f2d-008cd95792ba',NULL,'Xã Đoài Phương',21.0639385,105.4881721,'Xã Đoài Phương',19514774,'6c472978-1cb4-4be0-8e6a-505f6a9e6256'),('da3b3b13-8fab-44a7-a23f-ba26e1668ea7',NULL,'Xã Thạch Thất',21.0663004,105.5585713,'Xã Thạch Thất',19514772,'6c472978-1cb4-4be0-8e6a-505f6a9e6256'),('dab4d682-4a0e-463b-942f-b2e80da1319f',NULL,'Xã Quảng Bị',20.8712957,105.7010620,'Xã Quảng Bị',19514799,'6c472978-1cb4-4be0-8e6a-505f6a9e6256'),('daf17f7d-31af-40a3-8bc2-3600ec05ca13',NULL,'Xã Ô Diên',21.1063114,105.7044415,'Xã Ô Diên',19437093,'6c472978-1cb4-4be0-8e6a-505f6a9e6256'),('daf4ccf3-b7a3-48b8-8645-191638bed1e0',NULL,'Phường Hồng Hà',21.0480946,105.8475976,'Phường Hồng Hà',19334582,'6c472978-1cb4-4be0-8e6a-505f6a9e6256'),('daf58faf-96ca-4f9a-8316-5f9b74c20b77',NULL,'Phường An Hải',16.0699531,108.2371805,'Phường An Hải',13996723,'d9a0836f-de70-4c22-8689-b3e8276e999b'),('db1e1c2b-63cd-4391-8917-c686a3e9f46b',NULL,'Phường Hà Huy Tập',18.3089084,105.8784419,'Phường Hà Huy Tập',19410994,'c3eb9979-c790-4002-9fb6-fc7c808d26e7'),('dbb463ab-d37b-41ed-96e3-088af536c0ad',NULL,'Xã An Long',11.3259861,106.6921386,'Xã An Long',15350010,'1fd466ee-4df8-4822-8d94-c49102f5343e'),('dbc99d97-034f-4f9f-8da8-3cb47ac9db67',NULL,'Phường Cam Ranh',11.9351410,109.1596983,'Phường Cam Ranh',16140100,'6dc7c2ee-e36e-40e1-9b1a-b223882678ce'),('dbddb1cd-5cf9-4476-a378-eeb08955c3ec',NULL,'Xã Yên Lãng',21.1718493,105.6587544,'Xã Yên Lãng',19335114,'6c472978-1cb4-4be0-8e6a-505f6a9e6256'),('dc536f51-65b8-4d40-9922-9e37ed9a0f93',NULL,'Phường Bà Rịa',10.4948633,107.1845608,'Phường Bà Rịa',4139667,'1fd466ee-4df8-4822-8d94-c49102f5343e'),('dc5d98b5-38d7-4cff-9190-3cfcdaf8d63c',NULL,'Phường Tân Sơn Hòa',10.8051413,106.6676503,'Phường Tân Sơn Hòa',19261234,'1fd466ee-4df8-4822-8d94-c49102f5343e'),('dcc90bf5-d264-46fa-867d-0a2ad51ef430',NULL,'Phường Cát Lái',10.7627537,106.7770878,'Phường Cát Lái',7370760,'1fd466ee-4df8-4822-8d94-c49102f5343e'),('dce4de41-94d3-4ca4-9aa4-f575f1f7b0ec',NULL,'Xã Thăng Trường',15.6844020,108.4617235,'Xã Thăng Trường',19337495,'d9a0836f-de70-4c22-8689-b3e8276e999b'),('dd15ebbc-6562-4bc5-8422-411d8703f46e',NULL,'Phường Bàn Thạch',15.5961600,108.4830020,'Phường Bàn Thạch',19337553,'d9a0836f-de70-4c22-8689-b3e8276e999b'),('dec0fceb-2955-46ba-9394-a6c5238e7d4b',NULL,'Phường Giảng Võ',21.0268369,105.8156803,'Phường Giảng Võ',19332319,'6c472978-1cb4-4be0-8e6a-505f6a9e6256'),('def4464f-8f6e-4ca9-a1e4-7ec7994d4802',NULL,'Xã Ứng Hòa',20.6923941,105.8480331,'Xã Ứng Hòa',19411387,'6c472978-1cb4-4be0-8e6a-505f6a9e6256'),('df8f7603-1694-49c7-acf5-03c537c6e102',NULL,'Phường Ba Đình',21.0394403,105.8383407,'Phường Ba Đình',19331652,'6c472978-1cb4-4be0-8e6a-505f6a9e6256'),('df9706bc-ee53-4b57-bcf1-e2c829c0778c',NULL,'Xã Hương Bình',18.2449273,105.5658002,'Xã Hương Bình',19446821,'c3eb9979-c790-4002-9fb6-fc7c808d26e7'),('e02dfe0b-0d4c-46b0-83cf-fbfe8fa834a9',NULL,'Xã A Lưới 1',16.3396455,107.1530998,'Xã A Lưới 1',19325222,'724bca6c-ef1b-45ed-8521-85db25a110aa'),('e15c73f3-a696-4b63-9bb7-4042028fbfa9',NULL,'Xã Tân Hòa',9.9205203,105.6167505,'Xã Tân Hòa',14706492,'7b8e0708-09e4-40d7-943c-6f68d689d032'),('e1808b9d-da95-4704-b957-796abae9768c',NULL,'Phường Phong Thái',16.4794370,107.3770995,'Phường Phong Thái',19325217,'724bca6c-ef1b-45ed-8521-85db25a110aa'),('e19fa0ef-cfa4-467e-bc87-abb4b3a264ca',NULL,'Xã Cờ Đỏ',10.0690745,105.4070454,'Xã Cờ Đỏ',7148204,'7b8e0708-09e4-40d7-943c-6f68d689d032'),('e29e3ca8-d94d-4e4d-921b-8ff889c9dca3',NULL,'Xã Sơn Tiến',18.5734669,105.4643171,'Xã Sơn Tiến',19446797,'c3eb9979-c790-4002-9fb6-fc7c808d26e7'),('e2cb8760-7b81-4237-84c0-0d175d2e3ce5',NULL,'Xã Diên Thọ',12.2288621,109.0071675,'Xã Diên Thọ',19395750,'6dc7c2ee-e36e-40e1-9b1a-b223882678ce'),('e2d7cdd4-5644-4fde-99c4-6d23d758227b',NULL,'Phường Thốt Nốt',10.2938448,105.5037644,'Phường Thốt Nốt',13533113,'7b8e0708-09e4-40d7-943c-6f68d689d032'),('e3482b61-b970-4849-94f4-aaf8c2e74b1b',NULL,'Xã Thăng Bình',15.7230920,108.3561146,'Xã Thăng Bình',19337498,'d9a0836f-de70-4c22-8689-b3e8276e999b'),('e3899c9c-07cf-4ddf-b194-68b490649396',NULL,'Xã Kim Anh',21.2955461,105.7633915,'Xã Kim Anh',19338090,'6c472978-1cb4-4be0-8e6a-505f6a9e6256'),('e4dcc03d-5255-47f4-8dcd-1468908571b3',NULL,'Xã Nghĩa Thành',10.5832139,107.2393584,'Xã Nghĩa Thành',8077536,'1fd466ee-4df8-4822-8d94-c49102f5343e'),('e585df56-118d-4617-ada6-0d466dab32ef',NULL,'Xã Vĩnh Thanh',21.1034458,105.8157148,'Xã Vĩnh Thanh',19322847,'6c472978-1cb4-4be0-8e6a-505f6a9e6256'),('e5cece42-ff2a-4481-9482-c85ff436959f',NULL,'Xã Vĩnh Lợi',9.4365599,105.6471430,'Xã Vĩnh Lợi',15665321,'7b8e0708-09e4-40d7-943c-6f68d689d032'),('e5e0fece-c5a3-4cd5-894c-d14e6498eea9',NULL,'Xã Cam An',11.9949314,109.0688864,'Xã Cam An',19395757,'6dc7c2ee-e36e-40e1-9b1a-b223882678ce'),('e6c193ea-878b-4894-be21-2fbc00b744d7',NULL,'Phường Tân Sơn Nhì',10.8012148,106.6240723,'Phường Tân Sơn Nhì',6892359,'1fd466ee-4df8-4822-8d94-c49102f5343e'),('e887fa04-d560-4803-b265-b3b2ba27c1a5',NULL,'Xã Đại Thanh',20.9343352,105.8163469,'Xã Đại Thanh',19437089,'6c472978-1cb4-4be0-8e6a-505f6a9e6256'),('ea28f296-c169-4985-82c5-e38bdf0c0973',NULL,'Xã Xuân Lộc',18.3817002,105.7650400,'Xã Xuân Lộc',19446783,'c3eb9979-c790-4002-9fb6-fc7c808d26e7'),('eab5e23c-3b63-44c4-ba5a-c4ee09a3c5b8',NULL,'Phường Phú Bài',16.2880215,107.6269165,'Phường Phú Bài',19325231,'724bca6c-ef1b-45ed-8521-85db25a110aa'),('eb4c2aff-1acc-4ebf-ac9b-ffd0f465cd17',NULL,'Phường Tân Thành',20.7595165,106.7597205,'Phường Tân Thành',14642969,'9268e748-2059-4f82-a0a7-c9409f68714b'),('eb704a22-b3a9-47a1-afd5-5b3254f4fbd2',NULL,'Xã An Ninh',9.6308341,105.9191935,'Xã An Ninh',15661439,'7b8e0708-09e4-40d7-943c-6f68d689d032'),('eb7fbdba-f567-4193-a494-40c31065cc40',NULL,'Xã Mỹ Hương',9.5976397,105.8788617,'Xã Mỹ Hương',15664505,'7b8e0708-09e4-40d7-943c-6f68d689d032'),('ebb5f982-ac77-4c56-9c34-cf4f2a3db417',NULL,'Xã Long Hưng',9.6732682,105.7551950,'Xã Long Hưng',15664500,'7b8e0708-09e4-40d7-943c-6f68d689d032'),('ebe4cc87-891b-4ed7-a72c-b677641b817b',NULL,'Xã Hòa Vang',15.9703123,108.0561526,'Xã Hòa Vang',15848504,'d9a0836f-de70-4c22-8689-b3e8276e999b'),('ec0c3c5e-fe76-4725-8ccd-817c50f541ce',NULL,'Phường Ninh Hòa',12.5126725,109.1366220,'Phường Ninh Hòa',17070687,'6dc7c2ee-e36e-40e1-9b1a-b223882678ce'),('ec28906c-d4c1-4ffd-9c93-34b63f80fe44',NULL,'Xã Phú Xuyên',20.7644466,105.9184286,'Xã Phú Xuyên',19411384,'6c472978-1cb4-4be0-8e6a-505f6a9e6256'),('ec8e1306-5bf7-4cfa-9280-c62ae4fc2e28',NULL,'Xã Cẩm Hưng',18.1450298,106.0358104,'Xã Cẩm Hưng',19446839,'c3eb9979-c790-4002-9fb6-fc7c808d26e7'),('eca4fb63-d923-42f5-a281-41f10116f740',NULL,'Phường Hội An Tây',15.8970747,108.3261576,'Phường Hội An Tây',19337533,'d9a0836f-de70-4c22-8689-b3e8276e999b'),('ed14619e-acd3-4c01-a239-68bd8b56b9ff',NULL,'Phường Tân Sơn',10.8217142,106.6532484,'Phường Tân Sơn',19261238,'1fd466ee-4df8-4822-8d94-c49102f5343e'),('ed49da21-fdcb-4155-b1f6-1356e4631a65',NULL,'Xã Trà Linh',15.0235480,108.0573002,'Xã Trà Linh',19337485,'d9a0836f-de70-4c22-8689-b3e8276e999b'),('edb9fafc-45a8-4588-8e78-3bfe6518e507',NULL,'Phường Bình Hưng Hòa',10.8012508,106.6066282,'Phường Bình Hưng Hòa',6915823,'1fd466ee-4df8-4822-8d94-c49102f5343e'),('ee3192eb-703b-43b4-a4f9-ef3dbdcdc61b',NULL,'Xã Đức Quang',18.5470782,105.6349139,'Xã Đức Quang',19446827,'c3eb9979-c790-4002-9fb6-fc7c808d26e7'),('ee4bf447-eae4-4c30-b58e-2c26a1280ce3',NULL,'Xã Hương Sơn',20.6197504,105.7639726,'Xã Hương Sơn',19514789,'6c472978-1cb4-4be0-8e6a-505f6a9e6256'),('eee35b7c-85e3-4fbe-84a6-b53c01f35464',NULL,'Xã Nam Khánh Vĩnh',12.2092045,108.8147348,'Xã Nam Khánh Vĩnh',19395761,'6dc7c2ee-e36e-40e1-9b1a-b223882678ce'),('ef329a9f-f170-472f-b43a-29f2f1ad9632',NULL,'Phường Ninh Kiều',10.0337929,105.7772164,'Phường Ninh Kiều',13512464,'7b8e0708-09e4-40d7-943c-6f68d689d032'),('ef6c5a5b-430f-465a-95f7-5dc9a5fe7d97',NULL,'Xã Khánh Vĩnh',12.1906083,108.9057032,'Xã Khánh Vĩnh',19395762,'6dc7c2ee-e36e-40e1-9b1a-b223882678ce'),('f029a88d-a080-4e49-9c6a-dd87db6a1c28',NULL,'Xã Hạ Bằng',21.0165144,105.5557168,'Xã Hạ Bằng',19514771,'6c472978-1cb4-4be0-8e6a-505f6a9e6256'),('f161020f-4131-4050-bb3a-4b6e6937e269',NULL,'Phường Bình Thủy',10.0717765,105.7505806,'Phường Bình Thủy',13514267,'7b8e0708-09e4-40d7-943c-6f68d689d032'),('f1989deb-a839-4687-b7c2-524c8a3d48eb',NULL,'Phường Tân Hòa',10.7795475,106.6563339,'Phường Tân Hòa',19261233,'1fd466ee-4df8-4822-8d94-c49102f5343e'),('f1bcf8ae-e9e3-431c-a657-3c8f1c4e5b92',NULL,'Phường Khánh Hội',10.7588844,106.7040372,'Phường Khánh Hội',19260589,'1fd466ee-4df8-4822-8d94-c49102f5343e'),('f27baeef-4515-44df-9553-6f1e0ac90a0e',NULL,'Xã Đông Anh',21.1105726,105.8711355,'Xã Đông Anh',19322845,'6c472978-1cb4-4be0-8e6a-505f6a9e6256'),('f31e970f-1477-43c7-b44c-fb4ee37446fa',NULL,'Phường Long Trường',10.7932599,106.8131877,'Phường Long Trường',7342511,'1fd466ee-4df8-4822-8d94-c49102f5343e'),('f39ab19f-2018-4cef-b7d7-16aa2535a7d3',NULL,'Xã Thuận Bắc',11.7279333,109.0406987,'Xã Thuận Bắc',19395764,'6dc7c2ee-e36e-40e1-9b1a-b223882678ce'),('f3ec40ec-6f5c-4306-adc8-a3542560da54',NULL,'Phường Phong Dinh',16.6431660,107.3637251,'Phường Phong Dinh',19325224,'724bca6c-ef1b-45ed-8521-85db25a110aa'),('f4eb7e88-8447-413e-a2fc-b009b5aa9319',NULL,'Xã Sông Vàng',15.9876830,107.9004403,'Xã Sông Vàng',19337508,'d9a0836f-de70-4c22-8689-b3e8276e999b'),('f5118a18-a58c-49c4-a52e-314d166037c8',NULL,'Xã Thạch Xuân',18.2422857,105.8610447,'Xã Thạch Xuân',19446793,'c3eb9979-c790-4002-9fb6-fc7c808d26e7'),('f55f87c1-c228-427c-a45b-2bffa0d6449c',NULL,'Xã Thạnh Hòa',9.8734115,105.7279287,'Xã Thạnh Hòa',14706916,'7b8e0708-09e4-40d7-943c-6f68d689d032'),('f664542f-3535-4b4f-9ce4-77b0a3d272fc',NULL,'Xã Bắc Khánh Vĩnh',12.4168236,108.9656207,'Xã Bắc Khánh Vĩnh',19395758,'6dc7c2ee-e36e-40e1-9b1a-b223882678ce'),('f6c761df-e485-4711-9824-c21331d7ffe7',NULL,'Xã Nội Bài',21.2359845,105.7842042,'Xã Nội Bài',19338086,'6c472978-1cb4-4be0-8e6a-505f6a9e6256'),('f73f5f42-2dc2-40dd-b36d-428302a4d80a',NULL,'Phường Thủy Xuân',16.3967793,107.5808553,'Phường Thủy Xuân',19324109,'724bca6c-ef1b-45ed-8521-85db25a110aa'),('f7ec100f-ac3c-4665-be44-b76ffef98cdf',NULL,'Phường Tây Tựu',21.0650949,105.7424101,'Phường Tây Tựu',19341251,'6c472978-1cb4-4be0-8e6a-505f6a9e6256'),('f807bb2e-2604-46c3-8800-7b6fd7b3fcc6',NULL,'Xã Cẩm Duệ',18.1710474,105.9297497,'Xã Cẩm Duệ',19446840,'c3eb9979-c790-4002-9fb6-fc7c808d26e7'),('f9904431-1d8c-4855-9937-0dc5d4774aae',NULL,'Xã Thạnh Quới',10.2120024,105.3480019,'Xã Thạnh Quới',13556814,'7b8e0708-09e4-40d7-943c-6f68d689d032'),('fa0a4458-641c-4f57-b601-c8a67522c033',NULL,'Phường Phú Lương',20.9386008,105.7685667,'Phường Phú Lương',19341928,'6c472978-1cb4-4be0-8e6a-505f6a9e6256'),('fa3a0209-78ef-4c0c-aabb-d5663557c831',NULL,'Xã Thạch Hà',18.3874311,105.8519127,'Xã Thạch Hà',19446796,'c3eb9979-c790-4002-9fb6-fc7c808d26e7'),('fa9f4671-9f37-4b6b-80c3-8d5a86662083',NULL,'Phường Hội An Đông',15.8809195,108.3611453,'Phường Hội An Đông',19337534,'d9a0836f-de70-4c22-8689-b3e8276e999b'),('fc30a103-7894-4cad-859f-7ea98a099c71',NULL,'Phường Chợ Quán',10.7582638,106.6811671,'Phường Chợ Quán',19260683,'1fd466ee-4df8-4822-8d94-c49102f5343e'),('fc3b87f7-03f1-41b9-b6ff-999858d226d0',NULL,'Xã Bình Khánh',10.5953647,106.8375018,'Xã Bình Khánh',7468179,'1fd466ee-4df8-4822-8d94-c49102f5343e'),('fd60bc2b-3d74-4b4a-ab36-e8ba5ecfecf4',NULL,'Phường Bồ Đề',21.0508422,105.8658016,'Phường Bồ Đề',19301118,'6c472978-1cb4-4be0-8e6a-505f6a9e6256'),('fd8b5ed2-b57f-447c-8c46-009fc0408989',NULL,'Xã Hòa Lạc',21.0131083,105.5090147,'Xã Hòa Lạc',19514770,'6c472978-1cb4-4be0-8e6a-505f6a9e6256'),('fe32de6f-d2c7-46b5-abe1-eea1dc65918c',NULL,'Phường Vĩnh Hội',10.7566241,106.6962450,'Phường Vĩnh Hội',19260590,'1fd466ee-4df8-4822-8d94-c49102f5343e'),('fe8e0bce-e72d-4ff8-ae37-3bbbcefca510',NULL,'Xã Yên Hòa',18.3076899,106.0311655,'Xã Yên Hòa',19446782,'c3eb9979-c790-4002-9fb6-fc7c808d26e7');
/*!40000 ALTER TABLE `ward` ENABLE KEYS */;
UNLOCK TABLES;

--
-- Dumping routines for database 'rideUp'
--
SET @@SESSION.SQL_LOG_BIN = @MYSQLDUMP_TEMP_LOG_BIN;
/*!40103 SET TIME_ZONE=@OLD_TIME_ZONE */;

/*!40101 SET SQL_MODE=@OLD_SQL_MODE */;
/*!40014 SET FOREIGN_KEY_CHECKS=@OLD_FOREIGN_KEY_CHECKS */;
/*!40014 SET UNIQUE_CHECKS=@OLD_UNIQUE_CHECKS */;
/*!40101 SET CHARACTER_SET_CLIENT=@OLD_CHARACTER_SET_CLIENT */;
/*!40101 SET CHARACTER_SET_RESULTS=@OLD_CHARACTER_SET_RESULTS */;
/*!40101 SET COLLATION_CONNECTION=@OLD_COLLATION_CONNECTION */;
/*!40111 SET SQL_NOTES=@OLD_SQL_NOTES */;

-- Dump completed on 2026-03-18  8:52:10
